-1.00,4.00,0,0.0,0.47,0,0,4.00,0,0.0,0.47,0,0,0,0,0,0,0,0,0,0,0,0
-0.95,3.00,0,-0.0,-0.47,0,0,3.00,0,-0.0,-0.47,0,0,0,0,0,0,0,0,0,0,0,0
-0.90,4.00,0,-0.0,-0.47,0,0,4.00,0,-0.0,-0.47,0,0,0,0,0,0,0,0,0,0,0,0
-0.85,3.00,0,0.0,0.47,0,0,3.00,0,0.0,0.47,0,0,0,0,0,0,0,0,0,0,0,0
-0.80,4.00,0,0.0,0.47,0,0,4.00,0,0.0,0.47,0,0,0,0,0,0,0,0,0,0,0,0
-0.75,4.00,0,0.0,0.47,0,0,4.00,0,0.0,0.47,0,0,0,0,0,0,0,0,0,0,0,0
-0.70,4.00,0,0.0,0.47,0,0,4.00,0,0.0,0.47,0,0,0,0,0,0,0,0,0,0,0,0
-0.65,4.00,0,0.0,0.47,0,0,4.00,0,0.0,0.47,0,0,0,0,0,0,0,0,0,0,0,0
-0.60,3.00,0,0.0,0.00,0,0,3.00,0,0.0,0.00,0,0,0,0,0,0,0,0,0,0,0,0
-0.55,3.00,0,0.0,0.47,0,0,3.00,0,0.0,0.47,0,0,0,0,0,0,0,0,0,0,0,0
-0.50,4.00,0,0.0,0.47,0,0,4.00,0,0.0,0.47,0,0,0,0,0,0,0,0,0,0,0,0
-0.45,4.00,0,0.0,0.47,0,0,4.00,0,0.0,0.47,0,0,0,0,0,0,0,0,0,0,0,0
-0.40,4.00,0,0.0,0.47,0,0,4.00,0,0.0,0.47,0,0,0,0,0,0,0,0,0,0,0,0
-0.35,4.00,0,-0.0,-0.47,0,0,4.00,0,-0.0,-0.47,0,0,0,0,0,0,0,0,0,0,0,0
-0.30,2.00,0,0.0,0.47,0,0,2.00,0,0.0,0.47,0,0,0,0,0,0,0,0,0,0,0,0
-0.25,4.00,0,-0.0,-0.95,0,0,4.00,0,-0.0,-0.95,0,0,0,0,0,0,0,0,0,0,0,0
-0.20,3.00,0,0.0,0.00,0,0,3.00,0,0.0,0.00,0,0,0,0,0,0,0,0,0,0,0,0
-0.15,4.00,0,-0.0,-0.47,0,0,4.00,0,-0.0,-0.47,0,0,0,0,0,0,0,0,0,0,0,0
-0.10,2.00,0,0.0,0.47,0,0,2.00,0,0.0,0.47,0,0,0,0,0,0,0,0,0,0,0,0
-0.05,3.00,0,0.1,1.89,0,0,3.00,0,0.1,1.89,0,0,0,0,0,0,0,0,0,0,0,0
0.00,3.00,60.00,-0.0,-0.95,-0.0,-0,0.60,12.00,0.1,2.84,0.1, 0,0,0,0,0,0,0,0,0,0,0
0.05,-31.00,-680.00,23.1,743.44,37.1, 1,-5.72,-126.40,4.7,150.96,7.7, 0,0,0,743,0,0,0,0,0,0,0
0.10,8.00,780.00,22.7,729.71,73.6, 4,-2.98,54.88,8.3,266.71,21.0, 1,0,0,0,0,0,0,0,0,0,0
0.15,10.00,40.00,21.6,696.09,108.4, 8,-0.38,51.90,10.9,352.59,38.7, 2,0,0,0,0,0,0,0,0,0,0
0.20,14.00,80.00,20.6,664.36,141.6,14,2.50,57.52,12.9,414.94,59.4, 5,0,0,0,0,0,0,0,0,0,0
0.25,22.00,160.00,19.2,618.90,172.6,22,6.40,78.02,14.2,455.73,82.2, 8,0,0,0,0,0,0,0,0,0,0
0.30,33.00,220.00,16.0,516.15,198.4,32,11.72,106.41,14.5,467.82,105.6,13,0,0,0,0,0,0,0,0,0,0
0.35,45.00,240.00,15.3,491.05,222.9,42,18.37,133.13,14.7,472.46,129.2,19,0,0,0,0,0,0,0,0,0,0
0.40,59.00,280.00,16.1,517.57,248.8,54,26.50,162.51,15.0,481.48,153.3,26,0,0,0,0,0,0,0,0,0,0
0.45,73.00,280.00,14.6,468.79,272.3,67,35.80,186.00,14.9,478.95,177.2,34,0,0,0,0,0,0,0,0,0,0
0.50,89.00,320.00,12.6,405.81,292.5,81,46.44,212.80,14.4,464.32,200.4,44,0,0,0,0,0,0,0,0,0,0
0.55,109.00,400.00,12.2,391.61,312.1,96,58.95,250.24,14.0,449.78,222.9,54,0,0,0,0,0,0,0,0,0,0
0.60,141.00,640.00,11.8,380.72,331.2,112,75.36,328.19,13.5,435.97,244.7,66,0,0,0,0,0,0,0,0,0,0
0.65,161.00,400.00,11.0,355.15,348.9,129,92.49,342.56,13.0,419.80,265.7,79,0,0,0,0,0,0,0,0,0,0
0.70,186.00,500.00,11.2,361.30,367.0,147,111.19,374.04,12.7,408.10,286.1,93,0,0,0,0,0,0,0,0,0,0
0.75,211.00,500.00,10.4,336.21,383.8,166,131.15,399.24,12.2,393.72,305.8,107,0,0,0,0,0,0,0,0,0,0
0.80,236.00,500.00,10.7,345.68,401.1,186,152.12,419.39,11.9,384.11,325.0,123,0,0,0,0,0,0,0,0,0,0
0.85,261.00,500.00,9.7,311.58,416.7,206,173.90,435.51,11.5,369.61,343.5,140,0,0,0,0,0,0,0,0,0,0
0.90,292.00,620.00,9.2,295.01,431.4,227,197.52,472.41,11.0,354.69,361.2,157,0,0,0,0,0,0,0,0,0,0
0.95,320.00,560.00,8.7,279.86,445.4,249,222.01,489.93,10.6,339.72,378.2,176,320,0,0,0,0,0,0,0,0,0
1.00,349.00,580.00,8.1,260.44,458.4,272,247.41,507.94,10.1,323.87,394.4,195,0,0,0,0,0,0,0,0,0,0
1.05,380.00,620.00,7.5,240.08,470.4,295,273.93,530.35,9.5,307.11,409.8,215,0,0,0,0,0,0,0,0,0,0
1.10,410.00,600.00,7.0,225.87,481.7,319,301.14,544.28,9.0,290.86,424.3,236,0,0,0,0,0,0,0,0,0,0
1.15,443.00,660.00,6.1,197.46,491.6,343,329.51,567.43,8.5,272.18,437.9,258,0,0,0,0,0,0,0,0,0,0
1.20,475.00,640.00,5.4,174.26,500.3,368,358.61,581.94,7.8,252.60,450.5,280,0,0,0,0,0,0,0,0,0,0
1.25,507.00,640.00,4.8,153.42,508.0,393,388.29,593.55,7.2,232.76,462.2,303,0,0,0,0,0,0,0,0,0,0
1.30,539.00,640.00,4.2,134.96,514.7,419,418.43,602.84,6.6,213.20,472.8,326,0,0,0,0,0,0,0,0,0,0
1.35,574.00,700.00,2.4,77.19,518.6,445,449.55,622.27,5.8,186.00,482.1,350,0,0,0,0,0,0,0,0,0,0
1.40,606.00,640.00,1.3,41.20,520.6,470,480.84,625.82,4.9,157.04,490.0,374,0,0,0,0,0,0,0,0,0,0
1.45,639.00,660.00,0.0,1.42,520.7,497,512.47,632.66,3.9,125.91,496.3,399,0,520,0,639,0,0,0,0,0,0
1.50,672.00,660.00,-0.9,-27.94,519.3,523,544.38,638.12,3.0,95.14,501.0,424,0,0,0,0,0,0,0,0,0,0
1.55,701.00,580.00,-1.7,-55.88,516.5,548,575.70,626.50,2.0,64.94,504.3,449,0,0,0,0,0,0,0,0,0,0
1.60,725.00,480.00,-1.8,-59.19,513.6,574,605.56,597.20,1.2,40.11,506.3,474,0,0,0,0,0,0,0,0,0,0
1.65,752.00,540.00,-1.8,-57.30,510.7,600,634.85,585.76,0.6,20.63,507.3,500,0,0,0,0,0,0,0,0,0,0
1.70,778.00,520.00,-2.4,-78.13,506.8,625,663.48,572.61,0.0,0.88,507.4,525,0,0,0,0,0,0,0,0,0,0
1.75,808.00,600.00,-2.4,-78.13,502.9,650,692.38,578.09,-0.5,-14.92,506.6,550,0,0,0,0,0,0,0,0,0,0
1.80,837.00,580.00,-2.4,-78.13,499.0,676,721.31,578.47,-0.9,-27.57,505.3,576,0,0,0,0,0,0,0,0,0,0
1.85,864.00,540.00,-2.7,-85.71,494.7,700,749.84,570.78,-1.2,-39.19,503.3,601,0,0,0,0,0,0,0,0,0,0
1.90,892.00,560.00,-2.5,-80.97,490.6,725,778.28,568.62,-1.5,-47.55,500.9,626,0,0,0,0,0,0,0,0,0,0
1.95,927.00,700.00,-2.7,-86.66,486.3,749,808.02,594.90,-1.7,-55.37,498.1,651,0,0,0,0,0,0,0,0,0,0
2.00,956.00,580.00,-2.7,-88.08,481.9,774,837.62,591.92,-1.9,-61.91,495.1,676,0,0,0,0,0,0,0,0,0,0
2.05,982.00,520.00,-2.6,-84.76,477.7,798,866.49,577.53,-2.1,-66.48,491.7,700,0,0,0,0,0,0,0,0,0,0
2.10,1008.00,520.00,-2.5,-81.45,473.6,821,894.79,566.03,-2.2,-69.48,488.3,725,0,0,0,0,0,0,0,0,0,0
2.15,1036.00,560.00,-2.9,-91.86,469.0,845,923.04,564.82,-2.3,-73.95,484.6,749,0,0,0,0,0,0,0,0,0,0
2.20,1063.00,540.00,-2.8,-89.02,464.6,868,951.03,559.86,-2.4,-76.97,480.7,773,0,0,0,0,0,0,0,0,0,0
2.25,1087.00,480.00,-2.7,-85.71,460.3,891,978.22,543.89,-2.4,-78.72,476.8,797,0,0,0,0,0,0,0,0,0,0
2.30,1114.00,540.00,-2.6,-85.24,456.0,914,1005.38,543.11,-2.5,-80.02,472.8,821,0,0,0,0,0,0,0,0,0,0
2.35,1139.00,500.00,-2.7,-87.13,451.7,937,1032.10,534.49,-2.5,-81.44,468.7,845,0,0,0,0,0,0,0,0,0,0
2.40,1166.00,540.00,-2.6,-84.29,447.4,959,1058.88,535.59,-2.5,-82.01,464.6,868,0,0,0,0,0,0,0,0,0,0
2.45,1190.00,480.00,-2.6,-83.34,443.3,982,1085.11,524.47,-2.6,-82.28,460.5,891,0,0,0,0,0,0,0,0,0,0
2.50,1216.00,520.00,-2.7,-85.71,439.0,1004,1111.28,523.58,-2.6,-82.96,456.3,914,0,0,0,0,0,0,0,0,0,0
2.55,1240.00,480.00,-2.5,-81.92,434.9,1026,1137.03,514.86,-2.6,-82.75,452.2,937,0,0,0,0,0,0,0,0,0,0
2.60,1263.00,460.00,-2.5,-81.45,430.8,1047,1162.22,503.89,-2.6,-82.49,448.1,959,0,0,0,0,0,0,0,0,0,0
2.65,1287.00,480.00,-2.5,-79.55,426.8,1069,1187.18,499.11,-2.5,-81.91,444.0,982,0,0,0,0,0,0,0,0,0,0
2.70,1311.00,480.00,-2.4,-76.24,423.0,1090,1211.94,495.29,-2.5,-80.77,439.9,1004,0,0,0,0,0,0,0,0,0,0
2.75,1334.00,460.00,-2.4,-78.61,419.1,1111,1236.35,488.23,-2.5,-80.34,435.9,1026,0,0,0,0,0,0,0,0,0,0
2.80,1360.00,520.00,-2.4,-76.24,415.3,1132,1261.08,494.58,-2.5,-79.52,431.9,1047,0,0,0,0,0,0,0,0,0,0
2.85,1384.00,480.00,-2.4,-76.24,411.5,1153,1285.67,491.67,-2.4,-78.86,428.0,1069,0,0,0,0,0,0,0,0,0,0
2.90,1406.00,440.00,-2.4,-76.24,407.7,1173,1309.73,481.34,-2.4,-78.34,424.1,1090,0,0,0,0,0,0,0,0,0,0
2.95,1428.00,440.00,-2.4,-75.76,403.9,1193,1333.39,473.07,-2.4,-77.82,420.2,1111,0,0,0,0,0,0,0,0,0,0
3.00,1450.00,440.00,-2.2,-71.98,400.3,1213,1356.71,466.46,-2.4,-76.65,416.4,1132,0,0,0,0,0,0,0,0,0,0
3.05,1473.00,460.00,-2.3,-73.40,396.6,1233,1379.97,465.16,-2.4,-76.00,412.6,1153,0,0,0,0,0,0,0,0,0,0
3.10,1496.00,460.00,-2.2,-72.45,393.0,1253,1403.17,464.13,-2.3,-75.29,408.8,1173,0,0,0,0,0,0,0,0,0,0
3.15,1518.00,440.00,-2.2,-70.08,389.5,1273,1426.14,459.30,-2.3,-74.25,405.1,1194,0,0,0,0,0,0,0,0,0,0
3.20,1540.00,440.00,-2.3,-73.87,385.8,1292,1448.91,455.44,-2.3,-74.17,401.4,1214,0,0,0,0,0,0,0,0,0,0
3.25,1560.00,400.00,-2.2,-71.50,382.2,1311,1471.13,444.36,-2.3,-73.64,397.7,1234,0,0,0,0,0,0,0,0,0,0
3.30,1583.00,460.00,-2.1,-68.66,378.8,1330,1493.50,447.48,-2.3,-72.64,394.1,1254,0,0,0,0,0,0,0,0,0,0
3.35,1605.00,440.00,-2.1,-67.24,375.4,1349,1515.80,445.99,-2.2,-71.56,390.5,1273,0,0,0,0,0,0,0,0,0,0
3.40,1625.00,400.00,-2.0,-65.82,372.1,1368,1537.64,436.79,-2.2,-70.42,387.0,1293,0,0,0,0,0,0,0,0,0,0
3.45,1646.00,420.00,-2.0,-64.40,368.9,1386,1559.31,433.43,-2.1,-69.21,383.5,1312,0,0,0,0,0,0,0,0,0,0
3.50,1668.00,440.00,-2.1,-67.24,365.5,1405,1581.05,434.75,-2.1,-68.82,380.1,1331,0,0,0,0,0,0,0,0,0,0
3.55,1689.00,420.00,-2.0,-64.40,362.3,1423,1602.64,431.80,-2.1,-67.93,376.7,1350,0,0,0,0,0,0,0,0,0,0
3.60,1709.00,400.00,-2.0,-64.87,359.1,1441,1623.91,425.44,-2.1,-67.32,373.3,1369,0,0,0,0,0,0,0,0,0,0
3.65,1729.00,400.00,-2.0,-65.35,355.8,1459,1644.93,420.35,-2.1,-66.93,370.0,1387,0,0,0,0,0,0,0,0,0,0
3.70,1748.00,380.00,-2.0,-64.87,352.6,1477,1665.54,412.28,-2.1,-66.52,366.6,1406,0,0,0,0,0,0,0,0,0,0
3.75,1769.00,420.00,-1.9,-62.03,349.5,1494,1686.24,413.82,-2.0,-65.62,363.3,1424,0,0,0,0,0,0,0,0,0,0
3.80,1787.00,360.00,-1.9,-61.56,346.4,1511,1706.39,403.06,-2.0,-64.81,360.1,1442,0,0,0,0,0,0,0,0,0,0
3.85,1808.00,420.00,-1.8,-59.19,343.4,1529,1726.71,406.45,-2.0,-63.68,356.9,1460,0,0,0,0,0,0,0,0,0,0
3.90,1827.00,380.00,-1.9,-61.56,340.3,1546,1746.77,401.16,-2.0,-63.26,353.8,1478,0,0,0,0,0,0,0,0,0,0
3.95,1846.00,380.00,-1.9,-61.56,337.3,1563,1766.61,396.93,-2.0,-62.92,350.6,1495,0,0,0,0,0,0,0,0,0,0
4.00,1865.00,380.00,-1.9,-59.66,334.3,1580,1786.29,393.54,-1.9,-62.27,347.5,1513,0,0,0,0,0,0,0,0,0,0
4.05,1884.00,380.00,-1.8,-59.19,331.3,1596,1805.83,390.83,-1.9,-61.65,344.4,1530,0,0,0,0,0,0,0,0,0,0
4.10,1905.00,420.00,-1.9,-60.61,328.3,1613,1825.67,396.67,-1.9,-61.44,341.3,1547,0,0,0,0,0,0,0,0,0,0
4.15,1923.00,360.00,-1.8,-58.72,325.4,1629,1845.13,389.33,-1.9,-60.90,338.3,1564,0,0,0,0,0,0,0,0,0,0
4.20,1941.00,360.00,-1.8,-58.72,322.4,1645,1864.31,383.47,-1.9,-60.46,335.3,1581,0,0,0,0,0,0,0,0,0,0
4.25,1960.00,380.00,-1.8,-56.82,319.6,1661,1883.45,382.77,-1.9,-59.74,332.3,1598,0,0,0,0,0,0,0,0,0,0
4.30,1978.00,360.00,-1.7,-54.93,316.8,1677,1902.36,378.22,-1.8,-58.77,329.4,1614,0,0,0,0,0,0,0,0,0,0
4.35,1997.00,380.00,-1.7,-55.40,314.1,1693,1921.29,378.57,-1.8,-58.10,326.4,1631,0,0,0,0,0,0,0,0,0,0
4.40,2015.00,360.00,-1.7,-54.93,311.3,1709,1940.03,374.86,-1.8,-57.47,323.6,1647,0,0,0,0,0,0,0,0,0,0
4.45,2033.00,360.00,-1.7,-53.51,308.6,1724,1958.62,371.89,-1.8,-56.67,320.7,1663,0,0,0,0,0,0,0,0,0,0
4.50,2051.00,360.00,-1.8,-57.30,305.8,1739,1977.10,369.51,-1.8,-56.80,317.9,1679,0,0,0,0,0,0,0,0,0,0
4.55,2068.00,340.00,-1.7,-55.88,303.0,1755,1995.28,363.61,-1.8,-56.61,315.1,1695,0,0,0,0,0,0,0,0,0,0
4.60,2085.00,340.00,-1.7,-54.93,300.2,1770,2013.22,358.89,-1.7,-56.28,312.3,1710,0,0,0,0,0,0,0,0,0,0
4.65,2102.00,340.00,-1.7,-53.98,297.5,1785,2030.98,355.11,-1.7,-55.82,309.5,1726,0,0,0,0,0,0,0,0,0,0
4.70,2119.00,340.00,-1.7,-54.93,294.8,1799,2048.58,352.09,-1.7,-55.64,306.7,1741,0,0,0,0,0,0,0,0,0,0
4.75,2136.00,340.00,-1.7,-54.93,292.0,1814,2066.07,349.67,-1.7,-55.50,303.9,1757,0,0,0,0,0,0,0,0,0,0
4.80,2154.00,360.00,-1.7,-55.40,289.3,1829,2083.65,351.74,-1.7,-55.48,301.1,1772,0,0,0,0,0,0,0,0,0,0
4.85,2171.00,340.00,-1.7,-53.98,286.6,1843,2101.12,349.39,-1.7,-55.18,298.4,1787,0,0,0,0,0,0,0,0,0,0
4.90,2188.00,340.00,-1.6,-52.56,284.0,1857,2118.50,347.51,-1.7,-54.66,295.6,1802,0,0,0,0,0,0,0,0,0,0
4.95,2203.00,300.00,-1.6,-52.09,281.3,1871,2135.40,338.01,-1.7,-54.14,292.9,1816,0,0,0,0,0,0,0,0,0,0
5.00,2219.00,320.00,-1.6,-52.56,278.7,1885,2152.12,334.41,-1.7,-53.83,290.2,1831,0,0,0,0,0,0,0,0,0,0
5.05,2235.00,320.00,-1.6,-50.67,276.2,1899,2168.69,331.52,-1.7,-53.19,287.6,1845,0,0,0,0,0,0,0,0,0,0
5.10,2251.00,320.00,-1.6,-51.14,273.6,1913,2185.16,329.22,-1.6,-52.78,284.9,1860,0,0,0,0,0,0,0,0,0,0
5.15,2266.00,300.00,-1.6,-50.19,271.1,1927,2201.32,323.38,-1.6,-52.27,282.3,1874,0,0,0,0,0,0,0,0,0,0
5.20,2283.00,340.00,-1.6,-50.67,268.6,1940,2217.66,326.70,-1.6,-51.95,279.7,1888,0,0,0,0,0,0,0,0,0,0
5.25,2298.00,300.00,-1.6,-50.19,266.1,1954,2233.73,321.36,-1.6,-51.60,277.2,1902,0,0,0,0,0,0,0,0,0,0
5.30,2313.00,300.00,-1.5,-49.25,263.6,1967,2249.58,317.09,-1.6,-51.13,274.6,1916,0,0,0,0,0,0,0,0,0,0
5.35,2329.00,320.00,-1.5,-49.72,261.1,1980,2265.47,317.67,-1.6,-50.85,272.1,1929,0,0,0,0,0,0,0,0,0,0
5.40,2345.00,320.00,-1.5,-48.77,258.7,1993,2281.37,318.13,-1.6,-50.43,269.5,1943,0,0,0,0,0,0,0,0,0,0
5.45,2359.00,280.00,-1.5,-48.77,256.3,2006,2296.90,310.51,-1.6,-50.10,267.0,1956,0,0,0,0,0,0,0,0,0,0
5.50,2375.00,320.00,-1.5,-47.35,253.9,2019,2312.52,312.41,-1.5,-49.55,264.6,1970,0,0,0,0,0,0,0,0,0,0
5.55,2389.00,280.00,-1.5,-48.30,251.5,2031,2327.81,305.93,-1.5,-49.30,262.1,1983,0,0,0,0,0,0,0,0,0,0
5.60,2404.00,300.00,-1.4,-46.41,249.1,2044,2343.05,304.74,-1.5,-48.72,259.6,1996,0,0,0,0,0,0,0,0,0,0
5.65,2418.00,280.00,-1.5,-46.88,246.8,2056,2358.04,299.79,-1.5,-48.35,257.2,2009,0,0,0,0,0,0,0,0,0,0
5.70,2432.00,280.00,-1.5,-46.88,244.5,2068,2372.83,295.83,-1.5,-48.06,254.8,2022,0,0,0,0,0,0,0,0,0,0
5.75,2446.00,280.00,-1.4,-46.41,242.1,2081,2387.47,292.67,-1.5,-47.73,252.4,2034,0,0,0,0,0,0,0,0,0,0
5.80,2460.00,280.00,-1.4,-45.93,239.8,2093,2401.97,290.13,-1.5,-47.37,250.1,2047,0,0,0,0,0,0,0,0,0,0
5.85,2474.00,280.00,-1.4,-44.99,237.6,2105,2416.38,288.11,-1.5,-46.89,247.7,2059,0,0,0,0,0,0,0,0,0,0
5.90,2488.00,280.00,-1.4,-45.46,235.3,2116,2430.70,286.48,-1.4,-46.61,245.4,2072,0,0,0,0,0,0,0,0,0,0
5.95,2501.00,260.00,-1.4,-44.04,233.1,2128,2444.76,281.19,-1.4,-46.09,243.1,2084,0,0,0,0,0,0,0,0,0,0
6.00,2515.00,280.00,-1.4,-44.51,230.9,2140,2458.81,280.95,-1.4,-45.78,240.8,2096,0,0,0,0,0,0,0,0,0,0
6.05,2529.00,280.00,-1.4,-44.99,228.6,2151,2472.85,280.76,-1.4,-45.62,238.5,2108,0,0,0,0,0,0,0,0,0,0
6.10,2542.00,260.00,-1.4,-44.99,226.4,2163,2486.68,276.61,-1.4,-45.49,236.3,2120,0,0,0,0,0,0,0,0,0,0
6.15,2556.00,280.00,-1.4,-43.56,224.2,2174,2500.54,277.29,-1.4,-45.11,234.0,2131,0,0,0,0,0,0,0,0,0,0
6.20,2568.00,240.00,-1.3,-43.09,222.1,2185,2514.03,269.83,-1.4,-44.70,231.8,2143,0,0,0,0,0,0,0,0,0,0
6.25,2582.00,280.00,-1.3,-42.62,219.9,2196,2527.63,271.87,-1.4,-44.29,229.5,2155,0,0,0,0,0,0,0,0,0,0
6.30,2593.00,220.00,-1.4,-43.56,217.8,2207,2540.70,261.49,-1.4,-44.14,227.3,2166,0,0,0,0,0,0,0,0,0,0
6.35,2607.00,280.00,-1.4,-44.04,215.6,2218,2553.96,265.20,-1.4,-44.12,225.1,2177,0,0,0,0,0,0,0,0,0,0
6.40,2619.00,240.00,-1.3,-42.62,213.4,2229,2566.97,260.16,-1.4,-43.82,222.9,2189,0,0,0,0,0,0,0,0,0,0
6.45,2632.00,260.00,-1.3,-42.14,211.3,2239,2579.98,260.12,-1.4,-43.49,220.8,2200,0,0,0,0,0,0,0,0,0,0
6.50,2645.00,260.00,-1.3,-41.20,209.3,2250,2592.98,260.10,-1.3,-43.03,218.6,2211,0,0,0,0,0,0,0,0,0,0
6.55,2657.00,240.00,-1.3,-42.14,207.1,2260,2605.78,256.08,-1.3,-42.85,216.5,2222,0,0,0,0,0,0,0,0,0,0
6.60,2670.00,260.00,-1.3,-41.67,205.1,2270,2618.63,256.87,-1.3,-42.61,214.3,2232,0,0,0,0,0,0,0,0,0,0
6.65,2681.00,220.00,-1.3,-41.20,203.0,2281,2631.10,249.49,-1.3,-42.33,212.2,2243,0,0,0,0,0,0,0,0,0,0
6.70,2693.00,240.00,-1.3,-41.20,200.9,2291,2643.48,247.59,-1.3,-42.10,210.1,2254,0,0,0,0,0,0,0,0,0,0
6.75,2705.00,240.00,-1.3,-42.14,198.8,2301,2655.79,246.07,-1.3,-42.11,208.0,2264,0,0,0,0,0,0,0,0,0,0
6.80,2718.00,260.00,-1.3,-41.20,196.8,2311,2668.23,248.86,-1.3,-41.93,205.9,2274,0,0,0,0,0,0,0,0,0,0
6.85,2730.00,240.00,-1.3,-40.72,194.7,2320,2680.58,247.08,-1.3,-41.69,203.8,2285,0,0,0,0,0,0,0,0,0,0
6.90,2741.00,220.00,-1.3,-40.25,192.7,2330,2692.67,241.67,-1.3,-41.40,201.8,2295,0,0,0,0,0,0,0,0,0,0
6.95,2752.00,220.00,-1.3,-40.72,190.7,2340,2704.53,237.33,-1.3,-41.27,199.7,2305,0,0,0,0,0,0,0,0,0,0
7.00,2763.00,220.00,-1.3,-40.25,188.7,2349,2716.23,233.87,-1.3,-41.06,197.6,2315,0,0,0,0,0,0,0,0,0,0
7.05,2775.00,240.00,-1.2,-39.78,186.7,2358,2727.98,235.10,-1.3,-40.80,195.6,2325,0,0,0,0,0,0,0,0,0,0
7.10,2785.00,200.00,-1.2,-39.30,184.7,2368,2739.38,228.08,-1.3,-40.50,193.6,2334,0,0,0,0,0,0,0,0,0,0
7.15,2797.00,240.00,-1.2,-38.36,182.8,2377,2750.91,230.46,-1.2,-40.07,191.6,2344,0,0,0,0,0,0,0,0,0,0
7.20,2807.00,200.00,-1.2,-39.78,180.8,2386,2762.13,224.37,-1.2,-40.02,189.6,2353,0,0,0,0,0,0,0,0,0,0
7.25,2818.00,220.00,-1.2,-38.36,178.9,2395,2773.30,223.50,-1.2,-39.68,187.6,2363,0,0,0,0,0,0,0,0,0,0
7.30,2828.00,200.00,-1.2,-38.36,177.0,2404,2784.24,218.79,-1.2,-39.42,185.6,2372,0,0,0,0,0,0,0,0,0,0
7.35,2839.00,220.00,-1.2,-37.88,175.1,2413,2795.19,219.04,-1.2,-39.11,183.7,2381,0,0,0,0,0,0,0,0,0,0
7.40,2848.00,180.00,-1.2,-38.83,173.1,2421,2805.75,211.23,-1.2,-39.05,181.7,2391,0,0,0,0,0,0,0,0,0,0
7.45,2861.00,260.00,-1.2,-38.36,171.2,2430,2816.80,220.98,-1.2,-38.91,179.8,2400,0,0,0,0,0,0,0,0,0,0
7.50,2870.00,180.00,-1.2,-38.36,169.3,2439,2827.44,212.79,-1.2,-38.80,177.8,2408,0,0,0,0,0,0,0,0,0,0
7.55,2879.00,180.00,-1.2,-38.36,167.4,2447,2837.75,206.23,-1.2,-38.71,175.9,2417,0,0,0,0,0,0,0,0,0,0
7.60,2890.00,220.00,-1.1,-36.94,165.5,2455,2848.20,208.98,-1.2,-38.36,174.0,2426,0,0,0,0,0,0,0,0,0,0
7.65,2900.00,200.00,-1.2,-37.41,163.7,2464,2858.56,207.19,-1.2,-38.17,172.1,2435,0,0,0,0,0,0,0,0,0,0
7.70,2909.00,180.00,-1.2,-37.41,161.8,2472,2868.65,201.75,-1.2,-38.02,170.2,2443,0,0,0,0,0,0,0,0,0,0
7.75,2918.00,180.00,-1.2,-37.41,159.9,2480,2878.52,197.40,-1.2,-37.89,168.3,2452,0,0,0,0,0,0,0,0,0,0
7.80,2928.00,200.00,-1.2,-37.88,158.0,2488,2888.42,197.92,-1.2,-37.89,166.4,2460,0,0,0,0,0,0,0,0,0,0
7.85,2937.00,180.00,-1.1,-36.94,156.2,2496,2898.13,194.34,-1.2,-37.70,164.5,2468,0,0,0,0,0,0,0,0,0,0
7.90,2947.00,200.00,-1.1,-36.46,154.4,2503,2907.91,195.47,-1.2,-37.45,162.6,2477,0,0,0,0,0,0,0,0,0,0
7.95,2956.00,180.00,-1.1,-36.94,152.5,2511,2917.52,192.37,-1.2,-37.35,160.8,2485,0,0,0,0,0,0,0,0,0,0
8.00,2964.00,160.00,-1.1,-36.94,150.7,2519,2926.82,185.90,-1.2,-37.27,158.9,2493,0,0,0,0,0,0,0,0,0,0
8.05,2975.00,220.00,-1.1,-35.99,148.9,2526,2936.46,192.72,-1.1,-37.01,157.0,2501,0,0,0,0,0,0,0,0,0,0
8.10,2983.00,160.00,-1.1,-36.46,147.1,2533,2945.76,186.18,-1.1,-36.90,155.2,2508,0,0,0,0,0,0,0,0,0,0
8.15,2992.00,180.00,-1.1,-35.99,145.3,2541,2955.01,184.94,-1.1,-36.72,153.4,2516,0,0,0,0,0,0,0,0,0,0
8.20,3000.00,160.00,-1.1,-35.04,143.5,2548,2964.01,179.95,-1.1,-36.38,151.5,2524,0,0,0,0,0,0,0,0,0,0
8.25,3008.00,160.00,-1.1,-35.99,141.7,2555,2972.81,175.96,-1.1,-36.30,149.7,2531,0,0,0,0,0,0,0,0,0,0
8.30,3017.00,180.00,-1.1,-35.99,139.9,2562,2981.65,176.77,-1.1,-36.24,147.9,2539,0,0,0,0,0,0,0,0,0,0
8.35,3026.00,180.00,-1.1,-35.51,138.1,2569,2990.52,177.42,-1.1,-36.10,146.1,2546,0,0,0,0,0,0,0,0,0,0
8.40,3033.00,140.00,-1.1,-35.04,136.4,2576,2999.01,169.93,-1.1,-35.88,144.3,2553,0,0,0,0,0,0,0,0,0,0
8.45,3042.00,180.00,-1.1,-34.57,134.6,2583,3007.61,171.95,-1.1,-35.62,142.5,2560,0,0,0,0,0,0,0,0,0,0
8.50,3051.00,180.00,-1.1,-35.04,132.9,2589,3016.29,173.55,-1.1,-35.51,140.8,2568,0,0,0,0,0,0,0,0,0,0
8.55,3058.00,140.00,-1.1,-34.57,131.2,2596,3024.63,166.85,-1.1,-35.32,139.0,2575,0,0,0,0,0,0,0,0,0,0
8.60,3067.00,180.00,-1.1,-35.51,129.4,2603,3033.10,169.48,-1.1,-35.36,137.2,2581,0,0,0,0,0,0,0,0,0,0
8.65,3074.00,140.00,-1.1,-34.57,127.7,2609,3041.28,163.58,-1.1,-35.20,135.5,2588,0,0,0,0,0,0,0,0,0,0
8.70,3081.00,140.00,-1.1,-35.04,125.9,2615,3049.23,158.87,-1.1,-35.17,133.7,2595,0,0,0,0,0,0,0,0,0,0
8.75,3090.00,180.00,-1.1,-35.04,124.2,2622,3057.38,163.09,-1.1,-35.14,131.9,2602,0,0,0,0,0,0,0,0,0,0
8.80,3098.00,160.00,-1.1,-34.09,122.5,2628,3065.51,162.48,-1.1,-34.93,130.2,2608,0,0,0,0,0,0,0,0,0,0
8.85,3105.00,140.00,-1.1,-34.09,120.8,2634,3073.40,157.98,-1.1,-34.76,128.5,2615,0,0,0,0,0,0,0,0,0,0
8.90,3112.00,140.00,-1.1,-34.57,119.0,2640,3081.12,154.38,-1.1,-34.73,126.7,2621,0,0,0,0,0,0,0,0,0,0
8.95,3120.00,160.00,-1.1,-34.57,117.3,2646,3088.90,155.51,-1.1,-34.69,125.0,2627,0,0,0,0,0,0,0,0,0,0
9.00,3126.00,120.00,-1.1,-34.09,115.6,2651,3096.32,148.40,-1.1,-34.57,123.3,2634,0,0,0,0,0,0,0,0,0,0
9.05,3134.00,160.00,-1.0,-32.67,114.0,2657,3103.86,150.72,-1.1,-34.19,121.6,2640,0,0,0,0,0,0,0,0,0,0
9.10,3140.00,120.00,-1.0,-33.15,112.3,2663,3111.08,144.58,-1.1,-33.98,119.9,2646,0,0,0,0,0,0,0,0,0,0
9.15,3146.00,120.00,-1.0,-33.15,110.6,2668,3118.07,139.66,-1.1,-33.82,118.2,2652,0,0,0,0,0,0,0,0,0,0
9.20,3154.00,160.00,-1.0,-33.62,109.0,2674,3125.25,143.73,-1.0,-33.78,116.5,2657,0,0,0,0,0,0,0,0,0,0
9.25,3160.00,120.00,-1.0,-33.62,107.3,2679,3132.20,138.98,-1.0,-33.75,114.8,2663,0,0,0,0,0,0,0,0,0,0
9.30,3166.00,120.00,-1.0,-33.62,105.6,2685,3138.96,135.19,-1.0,-33.72,113.1,2669,0,0,0,0,0,0,0,0,0,0
9.35,3173.00,140.00,-1.0,-33.15,103.9,2690,3145.77,136.15,-1.0,-33.61,111.4,2675,0,0,0,0,0,0,0,0,0,0
9.40,3180.00,140.00,-1.0,-33.15,102.3,2695,3152.62,136.92,-1.0,-33.51,109.7,2680,0,0,0,0,0,0,0,0,0,0
9.45,3185.00,100.00,-1.0,-33.62,100.6,2700,3159.09,129.54,-1.0,-33.54,108.1,2686,0,0,0,0,0,0,0,0,0,0
9.50,3192.00,140.00,-1.0,-32.67,99.0,2705,3165.67,131.63,-1.0,-33.36,106.4,2691,0,0,0,0,0,0,0,0,0,0
9.55,3198.00,120.00,-1.0,-33.15,97.3,2710,3172.14,129.30,-1.0,-33.32,104.7,2696,0,0,0,0,0,0,0,0,0,0
9.60,3203.00,100.00,-1.0,-32.20,95.7,2715,3178.31,123.44,-1.0,-33.10,103.1,2701,0,0,0,0,0,0,0,0,0,0
9.65,3210.00,140.00,-1.0,-33.15,94.0,2720,3184.65,126.75,-1.0,-33.11,101.4,2706,0,0,0,0,0,0,0,0,0,0
9.70,3214.00,80.00,-1.0,-33.15,92.4,2724,3190.52,117.40,-1.0,-33.11,99.8,2712,0,0,0,0,0,0,0,0,0,0
9.75,3221.00,140.00,-1.0,-32.67,90.8,2729,3196.62,121.92,-1.0,-33.03,98.1,2716,0,0,0,0,0,0,0,0,0,0
9.80,3225.00,80.00,-1.0,-32.20,89.1,2733,3202.29,113.54,-1.0,-32.86,96.5,2721,0,0,0,0,0,0,0,0,0,0
9.85,3229.00,80.00,-1.0,-32.67,87.5,2738,3207.63,106.83,-1.0,-32.82,94.8,2726,0,0,0,0,0,0,0,0,0,0
9.90,3237.00,160.00,-1.0,-32.20,85.9,2742,3213.51,117.47,-1.0,-32.70,93.2,2731,0,0,0,0,0,0,0,0,0,0
9.95,3241.00,80.00,-1.0,-32.20,84.3,2746,3219.01,109.97,-1.0,-32.60,91.6,2735,0,0,0,0,0,0,0,0,0,0
10.00,3247.00,120.00,-1.0,-31.73,82.7,2751,3224.60,111.98,-1.0,-32.42,89.9,2740,0,0,0,0,0,0,0,0,0,0
10.05,3252.00,100.00,-1.0,-32.20,81.1,2755,3230.08,109.58,-1.0,-32.38,88.3,2744,0,0,0,0,0,0,0,0,0,0
10.10,3257.00,100.00,-1.0,-31.73,79.5,2759,3235.47,107.67,-1.0,-32.25,86.7,2749,0,0,0,0,0,0,0,0,0,0
10.15,3262.00,100.00,-1.0,-31.73,77.9,2763,3240.77,106.13,-1.0,-32.14,85.1,2753,0,0,0,0,0,0,0,0,0,0
10.20,3267.00,100.00,-1.0,-31.73,76.3,2766,3246.02,104.91,-1.0,-32.06,83.5,2757,0,0,0,0,0,0,0,0,0,0
10.25,3271.00,80.00,-1.0,-32.20,74.7,2770,3251.02,99.92,-1.0,-32.09,81.9,2761,0,0,0,0,0,0,0,0,0,0
10.30,3277.00,120.00,-1.0,-31.73,73.1,2774,3256.21,103.94,-1.0,-32.02,80.3,2766,0,0,0,0,0,0,0,0,0,0
10.35,3279.00,40.00,-1.0,-32.20,71.5,2778,3260.77,91.15,-1.0,-32.05,78.7,2769,0,0,0,0,0,0,0,0,0,0
10.40,3284.00,100.00,-1.0,-31.73,69.9,2781,3265.42,92.92,-1.0,-31.99,77.1,2773,0,0,0,0,0,0,0,0,0,0
10.45,3289.00,100.00,-1.0,-31.25,68.4,2785,3270.13,94.34,-1.0,-31.84,75.5,2777,0,0,0,0,0,0,0,0,0,0
10.50,3294.00,100.00,-1.0,-31.25,66.8,2788,3274.91,95.47,-1.0,-31.72,73.9,2781,0,0,0,0,0,0,0,0,0,0
10.55,3298.00,80.00,-1.0,-31.25,65.3,2791,3279.52,92.38,-1.0,-31.63,72.3,2785,0,0,0,0,0,0,0,0,0,0
10.60,3301.00,60.00,-1.0,-31.25,63.7,2794,3283.82,85.90,-1.0,-31.55,70.8,2788,0,0,0,0,0,0,0,0,0,0
10.65,3306.00,100.00,-1.0,-30.78,62.2,2798,3288.26,88.72,-1.0,-31.40,69.2,2792,0,0,0,0,0,0,0,0,0,0
10.70,3309.00,60.00,-1.0,-31.73,60.6,2801,3292.40,82.98,-1.0,-31.46,67.6,2795,0,0,0,0,0,0,0,0,0,0
10.75,3313.00,80.00,-1.0,-30.78,59.0,2804,3296.52,82.38,-1.0,-31.33,66.0,2798,0,0,0,0,0,0,0,0,0,0
10.80,3317.00,80.00,-1.0,-31.25,57.5,2807,3300.62,81.90,-1.0,-31.31,64.5,2802,0,0,0,0,0,0,0,0,0,0
10.85,3321.00,80.00,-1.0,-31.25,55.9,2809,3304.70,81.52,-1.0,-31.30,62.9,2805,0,0,0,0,0,0,0,0,0,0
10.90,3324.00,60.00,-1.0,-30.78,54.4,2812,3308.56,77.22,-1.0,-31.20,61.4,2808,0,0,0,0,0,0,0,0,0,0
10.95,3329.00,100.00,-1.0,-30.78,52.8,2815,3312.65,81.78,-1.0,-31.11,59.8,2811,0,0,0,0,0,0,0,0,0,0
11.00,3332.00,60.00,-1.0,-30.78,51.3,2817,3316.52,77.42,-1.0,-31.05,58.3,2814,0,0,0,0,0,0,0,0,0,0
11.05,3335.00,60.00,-1.0,-31.25,49.7,2820,3320.21,73.94,-1.0,-31.09,56.7,2817,0,0,0,0,0,0,0,0,0,0
11.10,3338.00,60.00,-0.9,-30.31,48.2,2822,3323.77,71.15,-1.0,-30.93,55.1,2820,0,0,0,0,0,0,0,0,0,0
11.15,3342.00,80.00,-1.0,-31.73,46.6,2825,3327.42,72.92,-1.0,-31.09,53.6,2822,0,0,0,0,0,0,0,0,0,0
11.20,3343.00,20.00,-0.9,-30.31,45.1,2827,3330.53,62.33,-1.0,-30.93,52.0,2825,0,0,0,0,0,0,0,0,0,0
11.25,3348.00,100.00,-0.9,-30.31,43.6,2829,3334.03,69.87,-1.0,-30.81,50.5,2828,0,0,0,0,0,0,0,0,0,0
11.30,3350.00,40.00,-0.9,-30.31,42.1,2831,3337.22,63.90,-1.0,-30.71,49.0,2830,0,0,0,0,0,0,0,0,0,0
11.35,3354.00,80.00,-0.9,-30.31,40.6,2833,3340.58,67.11,-1.0,-30.63,47.4,2832,0,0,0,0,0,0,0,0,0,0
11.40,3357.00,60.00,-1.0,-30.78,39.0,2835,3343.86,65.69,-1.0,-30.66,45.9,2835,0,0,0,0,0,0,0,0,0,0
11.45,3359.00,40.00,-0.9,-30.31,37.5,2837,3346.89,60.55,-0.9,-30.59,44.4,2837,0,0,0,0,0,0,0,0,0,0
11.50,3362.00,60.00,-1.0,-30.78,36.0,2839,3349.91,60.44,-1.0,-30.63,42.8,2839,0,0,0,0,0,0,0,0,0,0
11.55,3364.00,40.00,-1.0,-31.25,34.4,2841,3352.73,56.35,-1.0,-30.75,41.3,2841,0,0,0,0,0,0,0,0,0,0
11.60,3367.00,60.00,-1.0,-30.78,32.9,2843,3355.58,57.08,-1.0,-30.76,39.8,2843,0,0,0,0,0,0,0,0,0,0
11.65,3369.00,40.00,-1.0,-30.78,31.3,2844,3358.27,53.67,-1.0,-30.76,38.2,2845,0,0,0,0,0,0,0,0,0,0
11.70,3371.00,40.00,-1.0,-30.78,29.8,2846,3360.81,50.93,-1.0,-30.76,36.7,2847,0,0,0,0,0,0,0,0,0,0
11.75,3372.00,20.00,-0.9,-29.83,28.3,2847,3363.05,44.75,-0.9,-30.58,35.2,2849,0,0,0,0,0,0,0,0,0,0
11.80,3374.00,40.00,-1.0,-31.25,26.7,2849,3365.24,43.80,-1.0,-30.71,33.6,2851,0,0,0,0,0,0,0,0,0,0
11.85,3376.00,40.00,-1.0,-30.78,25.2,2850,3367.39,43.04,-1.0,-30.73,32.1,2852,0,0,0,0,0,0,0,0,0,0
11.90,3379.00,60.00,-1.0,-30.78,23.7,2851,3369.71,46.43,-1.0,-30.74,30.6,2854,0,0,0,0,0,0,0,0,0,0
11.95,3379.00,0.00,-1.0,-30.78,22.1,2852,3371.57,37.14,-1.0,-30.75,29.0,2855,0,0,0,0,0,0,0,0,0,0
12.00,3381.00,40.00,-1.0,-30.78,20.6,2853,3373.46,37.71,-1.0,-30.75,27.5,2857,0,0,0,0,0,0,0,0,0,0
12.05,3383.00,40.00,-1.0,-30.78,19.0,2854,3375.37,38.17,-1.0,-30.76,25.9,2858,0,0,0,0,0,0,0,0,0,0
12.10,3384.00,20.00,-1.0,-30.78,17.5,2855,3377.09,34.54,-1.0,-30.76,24.4,2859,0,0,0,0,0,0,0,0,0,0
12.15,3386.00,40.00,-1.0,-30.78,16.0,2856,3378.87,35.63,-1.0,-30.77,22.9,2861,0,0,0,0,0,0,0,0,0,0
12.20,3387.00,20.00,-1.0,-30.78,14.4,2857,3380.50,32.50,-1.0,-30.77,21.3,2862,0,0,0,0,0,0,0,0,0,0
12.25,3388.00,20.00,-0.9,-30.31,12.9,2858,3382.00,30.00,-1.0,-30.68,19.8,2863,0,0,0,0,0,0,0,0,0,0
12.30,3390.00,40.00,-1.0,-30.78,11.4,2858,3383.60,32.00,-1.0,-30.70,18.3,2864,0,0,0,0,0,0,0,0,0,0
12.35,3389.00,-20.00,-1.0,-30.78,9.8,2859,3384.68,21.60,-1.0,-30.71,16.7,2865,0,0,0,0,0,0,0,0,0,0
12.40,3393.00,80.00,-0.9,-30.31,8.3,2859,3386.34,33.28,-1.0,-30.63,15.2,2865,0,0,0,0,0,0,0,0,0,0
12.45,3392.00,-20.00,-1.0,-30.78,6.8,2859,3387.47,22.63,-1.0,-30.66,13.7,2866,0,0,0,0,0,0,0,0,0,0
12.50,3394.00,40.00,-1.0,-30.78,5.2,2860,3388.78,26.10,-1.0,-30.68,12.1,2867,0,0,0,0,0,0,0,0,0,0
12.55,3393.00,-20.00,-0.9,-29.83,3.7,2860,3389.62,16.88,-0.9,-30.51,10.6,2867,0,0,0,0,0,0,0,0,0,0
12.60,3394.00,20.00,-1.0,-30.78,2.2,2860,3390.50,17.50,-0.9,-30.57,9.1,2868,0,0,0,0,0,0,0,0,0,0
12.65,3395.00,20.00,-0.9,-30.31,0.7,2860,3391.40,18.00,-0.9,-30.52,7.5,2868,0,0,0,0,0,0,0,0,0,0
12.70,3395.00,0.00,-0.9,-29.83,-0.8,2860,3392.12,14.40,-0.9,-30.38,6.0,2869,0,0,0,0,0,0,0,0,0,0
12.75,3395.00,0.00,-0.9,-29.83,-2.3,2860,3392.70,11.52,-0.9,-30.27,4.5,2869,0,0,0,0,0,0,0,0,0,0
12.80,3396.00,20.00,-0.9,-29.36,-3.8,2860,3393.36,13.22,-0.9,-30.09,3.0,2869,0,0,0,0,0,0,0,0,0,0
12.85,3396.00,0.00,-0.9,-30.31,-5.3,2860,3393.89,10.58,-0.9,-30.13,1.5,2869,0,0,0,0,0,0,0,0,0,0
12.90,3397.00,20.00,-1.0,-30.78,-6.8,2859,3394.51,12.46,-0.9,-30.26,-0.0,2869,0,0,0,0,0,0,0,0,0,0
12.95,3397.00,0.00,-1.0,-30.78,-8.4,2859,3395.01,9.97,-0.9,-30.36,-1.5,2869,0,0,0,0,0,0,0,0,0,0
13.00,3397.00,0.00,-0.9,-30.31,-9.9,2859,3395.41,7.97,-0.9,-30.35,-3.0,2869,0,0,0,0,0,0,0,0,0,0
13.05,3398.00,20.00,-1.0,-30.78,-11.4,2858,3395.92,10.38,-0.9,-30.44,-4.6,2869,0,0,0,0,0,0,0,0,0,0
13.10,3398.00,0.00,-0.9,-29.83,-12.9,2857,3396.34,8.30,-0.9,-30.32,-6.1,2869,0,0,0,0,0,0,0,0,0,0
13.15,3398.00,0.00,-0.9,-30.31,-14.4,2857,3396.67,6.64,-0.9,-30.31,-7.6,2868,0,0,0,0,0,0,0,0,0,0
13.20,3399.00,20.00,-0.9,-30.31,-15.9,2856,3397.14,9.32,-0.9,-30.31,-9.1,2868,0,0,0,0,3399,0,0,0,0,0
13.25,3398.00,-20.00,-0.9,-29.83,-17.4,2855,3397.31,3.45,-0.9,-30.22,-10.6,2867,0,0,0,0,0,0,0,0,0,0
13.30,3397.00,-20.00,-0.9,-30.31,-18.9,2854,3397.25,-1.24,-0.9,-30.23,-12.1,2867,0,0,0,0,0,0,0,0,0,0
13.35,3396.00,-20.00,-0.9,-29.83,-20.4,2853,3397.00,-4.99,-0.9,-30.15,-13.6,2866,0,0,0,0,0,0,0,0,0,0
13.40,3395.00,-20.00,-0.9,-29.83,-21.9,2852,3396.60,-7.99,-0.9,-30.09,-15.1,2865,0,0,0,0,0,0,0,0,0,0
13.45,3396.00,20.00,-0.9,-29.83,-23.4,2851,3396.48,-2.39,-0.9,-30.04,-16.7,2865,0,0,0,0,0,0,0,0,0,0
13.50,3395.00,-20.00,-1.0,-30.78,-25.0,2850,3396.18,-5.92,-0.9,-30.19,-18.2,2864,0,0,0,0,0,0,0,0,0,0
13.55,3394.00,-20.00,-1.0,-30.78,-26.5,2849,3395.75,-8.73,-0.9,-30.31,-19.7,2863,0,0,0,0,0,0,0,0,0,0
13.60,3394.00,0.00,-1.0,-30.78,-28.0,2847,3395.40,-6.99,-0.9,-30.40,-21.2,2862,0,0,0,0,0,0,0,0,0,0
13.65,3394.00,0.00,-1.0,-30.78,-29.6,2846,3395.12,-5.59,-0.9,-30.48,-22.7,2861,0,0,0,0,0,0,0,0,0,0
13.70,3392.00,-40.00,-0.9,-30.31,-31.1,2844,3394.49,-12.47,-0.9,-30.44,-24.2,2859,0,0,0,0,0,0,0,0,0,0
13.75,3393.00,20.00,-0.9,-30.31,-32.6,2843,3394.20,-5.98,-0.9,-30.41,-25.8,2858,0,0,0,0,0,0,0,0,0,0
13.80,3392.00,-20.00,-1.0,-30.78,-34.1,2841,3393.76,-8.78,-0.9,-30.49,-27.3,2857,0,0,0,0,0,0,0,0,0,0
13.85,3391.00,-20.00,-0.9,-30.31,-35.7,2839,3393.21,-11.03,-0.9,-30.45,-28.8,2855,0,0,0,0,0,0,0,0,0,0
13.90,3391.00,0.00,-0.9,-30.31,-37.2,2837,3392.76,-8.82,-0.9,-30.42,-30.3,2854,0,0,0,0,0,0,0,0,0,0
13.95,3391.00,0.00,-0.9,-30.31,-38.7,2836,3392.41,-7.06,-0.9,-30.40,-31.8,2852,0,0,0,0,0,0,0,0,0,0
14.00,3390.00,-20.00,-1.0,-30.78,-40.2,2834,3391.93,-9.64,-0.9,-30.48,-33.4,2851,0,0,0,0,0,0,0,0,0,0
14.05,3390.00,0.00,-0.9,-29.83,-41.7,2832,3391.54,-7.71,-0.9,-30.35,-34.9,2849,0,0,0,0,0,0,0,0,0,0
14.10,3252.00,-2760.00,-0.9,-29.83,-43.2,2829,3363.63,-558.17,-0.9,-30.24,-36.4,2847,0,0,0,0,0,0,0,0,0,0
14.15,3390.00,2760.00,-1.0,-32.20,-44.8,2827,3368.91,105.46,-1.0,-30.63,-37.9,2845,0,0,0,0,0,0,0,0,0,0
14.20,3389.00,-20.00,-1.0,-30.78,-46.4,2825,3372.93,80.37,-1.0,-30.66,-39.5,2843,0,0,0,0,0,3389,0,0,3389,0
14.70,3366.00,-46.00,-0.1,-1.89,-46.5,0,3371.54,-2.77,-0.8,-24.91,-40.7,0,0,0,0,0,0,0,0,0,0,0
15.20,3353.00,-26.00,-0.0,-0.47,-46.5,0,3367.83,-7.42,-0.6,-20.02,-41.7,0,0,0,0,0,0,0,0,0,0,0
15.70,3338.00,-30.00,-0.7,-21.31,-47.5,0,3361.87,-11.93,-0.6,-20.28,-42.7,0,0,0,0,0,0,0,0,0,0,0
16.20,3317.00,-42.00,-0.7,-22.73,-48.7,0,3352.89,-17.95,-0.6,-20.77,-43.8,0,0,0,0,0,0,0,3317,0,0,0
16.70,3273.00,-88.00,-1.1,-34.09,-50.4,0,3336.91,-31.96,-0.7,-23.43,-44.9,0,0,0,0,0,0,0,0,0,0,0
17.20,3248.00,-50.00,-1.0,-30.78,-51.9,0,3319.13,-35.57,-0.8,-24.90,-46.2,0,0,0,0,0,0,0,0,0,0,0
17.70,3227.00,-42.00,-0.6,-18.47,-52.8,0,3300.71,-36.85,-0.7,-23.62,-47.4,0,0,0,0,0,0,0,0,0,0,0
18.20,3195.00,-64.00,-0.9,-28.89,-54.3,0,3279.56,-42.28,-0.8,-24.67,-48.6,0,0,0,0,0,0,0,0,0,0,0
18.70,3185.00,-20.00,-1.3,-42.14,-56.4,0,3260.65,-37.83,-0.9,-28.16,-50.0,0,0,0,0,0,0,0,0,0,0,0
19.20,3144.00,-82.00,-0.7,-22.73,-57.5,0,3237.32,-46.66,-0.8,-27.08,-51.4,0,0,0,0,0,0,0,0,0,0,0
19.70,3114.00,-60.00,-0.7,-21.78,-58.6,0,3212.66,-49.33,-0.8,-26.02,-52.7,0,0,0,0,0,0,0,0,0,0,0
20.20,3091.00,-46.00,-0.9,-30.31,-60.1,0,3188.33,-48.66,-0.8,-26.88,-54.0,0,0,0,0,0,0,0,0,0,0,0
20.70,3054.00,-74.00,-1.0,-32.67,-61.8,0,3161.46,-53.73,-0.9,-28.04,-55.4,0,0,0,0,0,0,0,0,0,0,0
21.20,3021.00,-66.00,-0.7,-23.68,-63.0,0,3133.37,-56.18,-0.8,-27.16,-56.8,0,0,0,0,0,0,0,0,0,0,0
21.70,2978.00,-86.00,-1.1,-35.51,-64.7,0,3102.29,-62.15,-0.9,-28.83,-58.2,0,0,0,0,0,0,0,0,0,0,0
22.20,2949.00,-58.00,-1.1,-34.09,-66.4,0,3071.64,-61.32,-0.9,-29.89,-59.7,0,0,0,0,0,0,0,0,0,0,0
22.70,2929.00,-40.00,-0.8,-25.10,-67.7,0,3043.11,-57.05,-0.9,-28.93,-61.1,0,0,0,0,0,0,0,0,0,0,0
23.20,2885.00,-88.00,-1.3,-41.20,-69.8,0,3011.49,-63.24,-1.0,-31.38,-62.7,0,0,0,0,0,0,0,0,0,0,0
23.70,2858.00,-54.00,-1.3,-41.67,-71.8,0,2980.79,-61.39,-1.0,-33.44,-64.4,0,0,0,0,0,0,0,0,0,0,0
24.20,2827.00,-62.00,-0.9,-28.89,-73.3,0,2950.03,-61.52,-1.0,-32.53,-66.0,0,0,0,0,0,0,0,0,0,0,0
24.70,2821.00,-12.00,-1.0,-32.67,-74.9,0,2924.23,-51.61,-1.0,-32.56,-67.6,0,0,0,0,0,0,0,0,0,0,0
25.20,2771.00,-100.00,-1.4,-46.41,-77.2,0,2893.58,-61.29,-1.1,-35.33,-69.4,0,0,0,0,0,0,0,0,0,0,0
25.70,2742.00,-58.00,-1.6,-50.19,-79.7,0,2863.26,-60.63,-1.2,-38.30,-71.3,0,0,0,0,0,0,0,0,0,0,0
26.20,2725.00,-34.00,-1.4,-46.41,-82.1,0,2835.61,-55.31,-1.2,-39.92,-73.3,0,0,0,0,0,0,0,0,0,0,0
26.70,2679.00,-92.00,-1.4,-44.51,-84.3,0,2804.29,-62.64,-1.3,-40.84,-75.4,0,0,0,0,0,0,0,0,0,0,0
27.20,2648.00,-62.00,-1.5,-47.83,-86.7,0,2773.03,-62.52,-1.3,-42.24,-77.5,0,0,0,0,0,0,0,0,0,0,0
27.70,2612.00,-72.00,-1.8,-57.77,-89.6,0,2740.82,-64.41,-1.4,-45.34,-79.7,0,0,0,0,0,0,0,0,0,0,0
28.20,2579.00,-66.00,-2.0,-64.87,-92.8,0,2708.46,-64.73,-1.5,-49.25,-82.2,0,0,0,0,0,0,0,0,0,0,0
28.70,2541.00,-76.00,-1.8,-56.82,-95.7,0,2674.97,-66.98,-1.6,-50.76,-84.7,0,0,0,0,0,0,0,0,0,0,0
29.20,2506.00,-70.00,-1.5,-48.77,-98.1,0,2641.17,-67.59,-1.6,-50.37,-87.3,0,0,0,0,0,0,0,0,0,0,0
29.70,2468.00,-76.00,-1.9,-62.51,-101.2,0,2606.54,-69.27,-1.6,-52.79,-89.9,0,0,0,0,0,0,0,0,0,0,0
30.20,2434.00,-68.00,-1.7,-55.40,-104.0,0,2572.03,-69.02,-1.7,-53.32,-92.6,0,0,0,0,0,0,0,0,0,0,0
30.70,2398.00,-72.00,-1.6,-52.09,-106.6,0,2537.23,-69.61,-1.6,-53.07,-95.2,0,0,0,0,0,0,0,0,0,0,0
31.20,2358.00,-80.00,-2.2,-71.50,-110.2,0,2501.38,-71.69,-1.8,-56.76,-98.1,0,0,0,0,0,0,0,0,0,0,0
31.70,2317.00,-82.00,-1.9,-59.66,-113.1,0,2464.50,-73.75,-1.8,-57.34,-100.9,0,0,0,0,0,0,0,0,0,0,0
32.20,2276.00,-82.00,-2.3,-72.92,-116.8,0,2426.80,-75.40,-1.9,-60.46,-103.9,0,0,0,0,0,0,0,0,0,0,0
32.70,2238.00,-76.00,-2.6,-84.76,-121.0,0,2389.04,-75.52,-2.0,-65.32,-107.2,0,0,0,0,0,0,0,0,0,0,0
33.20,2202.00,-72.00,-2.0,-65.35,-124.3,0,2351.63,-74.82,-2.0,-65.32,-110.5,0,0,0,0,0,0,0,0,0,0,0
33.70,2166.00,-72.00,-2.4,-78.61,-128.2,0,2314.51,-74.25,-2.1,-67.98,-113.9,0,0,0,0,0,0,0,0,0,0,0
34.20,2130.00,-72.00,-2.3,-73.87,-131.9,0,2277.61,-73.80,-2.1,-69.16,-117.3,0,0,0,0,0,0,0,0,0,0,0
34.70,2094.00,-72.00,-2.1,-68.19,-135.3,0,2240.88,-73.44,-2.1,-68.96,-120.8,0,0,0,0,0,0,0,0,0,0,0
35.20,2059.00,-70.00,-2.2,-70.56,-138.9,0,2204.51,-72.75,-2.2,-69.28,-124.2,0,0,0,0,0,0,0,0,0,0,0
35.70,2026.00,-66.00,-2.6,-84.29,-143.1,0,2168.81,-71.40,-2.2,-72.28,-127.9,0,0,0,0,0,0,0,0,0,0,0
36.20,1990.00,-72.00,-1.9,-60.61,-146.1,0,2133.04,-71.52,-2.2,-69.95,-131.4,0,0,0,0,0,0,0,0,0,0,0
36.70,1961.00,-58.00,-1.8,-58.72,-149.0,0,2098.64,-68.82,-2.1,-67.70,-134.7,0,0,0,0,0,0,0,0,0,0,0
37.20,1926.00,-70.00,-2.0,-65.82,-152.3,0,2064.11,-69.05,-2.1,-67.33,-138.1,0,0,0,0,0,0,0,0,0,0,0
37.70,1892.00,-68.00,-2.1,-66.29,-155.6,0,2029.69,-68.84,-2.1,-67.12,-141.5,0,0,0,0,0,0,0,0,0,0,0
38.20,1858.00,-68.00,-1.6,-51.61,-158.2,0,1995.35,-68.67,-2.0,-64.02,-144.7,0,0,0,0,0,0,0,0,0,0,0
38.70,1823.00,-70.00,-1.9,-61.56,-161.3,0,1960.88,-68.94,-2.0,-63.53,-147.8,0,0,0,0,0,0,0,0,0,0,0
39.20,1785.00,-76.00,-2.0,-65.35,-164.6,0,1925.70,-70.35,-2.0,-63.89,-151.0,0,0,0,0,0,0,0,0,0,0,0
39.70,1749.00,-72.00,-2.5,-79.08,-168.5,0,1890.36,-70.68,-2.1,-66.93,-154.4,0,0,0,0,0,0,0,0,0,0,0
40.20,1714.00,-70.00,-2.1,-66.77,-171.9,0,1855.09,-70.55,-2.1,-66.90,-157.7,0,0,0,0,0,0,0,0,0,0,0
40.70,1680.00,-68.00,-1.9,-62.51,-175.0,0,1820.07,-70.04,-2.1,-66.02,-161.0,0,0,0,0,0,0,0,0,0,0,0
41.20,1642.00,-76.00,-2.1,-66.77,-178.3,0,1784.46,-71.23,-2.1,-66.17,-164.3,0,0,0,0,0,0,0,0,0,0,0
41.70,1606.00,-72.00,-1.6,-51.61,-180.9,0,1748.77,-71.38,-2.0,-63.26,-167.5,0,0,0,0,0,0,0,0,0,0,0
42.20,1574.00,-64.00,-1.6,-53.04,-183.6,0,1713.81,-69.91,-1.9,-61.21,-170.6,0,0,0,0,0,0,0,0,0,0,0
42.70,1536.00,-76.00,-2.2,-72.45,-187.2,0,1678.25,-71.13,-2.0,-63.46,-173.7,0,0,0,0,0,0,0,0,0,0,0
43.20,1501.00,-70.00,-2.3,-73.87,-190.9,0,1642.80,-70.90,-2.0,-65.54,-177.0,0,0,0,0,0,0,0,0,0,0,0
43.70,1462.00,-78.00,-2.0,-62.98,-194.0,0,1606.64,-72.32,-2.0,-65.03,-180.3,0,0,0,0,0,0,0,0,0,0,0
44.20,1428.00,-68.00,-1.5,-49.25,-196.5,0,1570.91,-71.46,-1.9,-61.87,-183.4,0,0,0,0,0,0,0,0,0,0,0
44.70,1397.00,-62.00,-1.5,-49.25,-199.0,0,1536.13,-69.56,-1.8,-59.35,-186.3,0,0,0,0,0,0,0,0,0,0,0
45.20,1359.00,-76.00,-2.0,-64.40,-202.2,0,1500.70,-70.85,-1.9,-60.36,-189.3,0,0,0,0,0,0,0,0,0,0,0
45.70,1325.00,-68.00,-2.0,-65.82,-205.5,0,1465.56,-70.28,-1.9,-61.45,-192.4,0,0,0,0,0,0,0,0,0,0,0
46.20,1288.00,-74.00,-2.4,-77.19,-209.3,0,1430.05,-71.03,-2.0,-64.60,-195.6,0,0,0,0,0,0,0,0,0,0,0
46.70,1256.00,-64.00,-2.0,-63.93,-212.5,0,1395.24,-69.62,-2.0,-64.46,-198.9,0,0,0,0,0,0,0,0,0,0,0
47.20,1216.00,-80.00,-2.1,-68.19,-215.9,0,1359.39,-71.70,-2.0,-65.21,-202.1,0,0,0,0,0,0,0,0,0,0,0
47.70,1174.00,-84.00,-1.8,-56.35,-218.7,0,1322.31,-74.16,-2.0,-63.44,-205.3,0,0,0,0,0,0,0,0,0,0,0
48.20,1138.00,-72.00,-1.9,-59.66,-221.7,0,1285.45,-73.73,-1.9,-62.68,-208.4,0,0,0,0,0,0,0,0,0,0,0
48.70,1098.00,-80.00,-2.0,-65.35,-225.0,0,1247.96,-74.98,-2.0,-63.22,-211.6,0,0,0,0,0,0,0,0,0,0,0
49.20,1058.00,-80.00,-2.3,-73.87,-228.7,0,1209.97,-75.98,-2.0,-65.35,-214.9,0,0,0,0,0,0,0,0,0,0,0
49.70,1021.00,-74.00,-1.9,-62.51,-231.8,0,1172.17,-75.59,-2.0,-64.78,-218.1,0,0,0,0,0,0,0,0,0,0,0
50.20,984.00,-74.00,-2.1,-66.77,-235.2,0,1134.54,-75.27,-2.0,-65.18,-221.4,0,0,0,0,0,0,0,0,0,0,0
50.70,945.00,-78.00,-1.7,-53.51,-237.8,0,1096.63,-75.82,-2.0,-62.84,-224.5,0,0,0,0,0,0,0,0,0,0,0
51.20,908.00,-74.00,-1.9,-60.14,-240.8,0,1058.91,-75.45,-1.9,-62.30,-227.6,0,0,0,0,0,0,0,0,0,0,0
51.70,871.00,-74.00,-2.2,-72.45,-244.5,0,1021.32,-75.16,-2.0,-64.33,-230.8,0,0,0,0,0,0,0,0,0,0,0
52.20,833.00,-76.00,-2.3,-73.87,-248.2,0,983.66,-75.33,-2.1,-66.24,-234.1,0,0,0,0,0,0,0,0,0,0,0
52.70,798.00,-70.00,-1.9,-62.03,-251.3,0,946.53,-74.26,-2.0,-65.40,-237.4,0,0,0,0,0,0,0,0,0,0,0
53.20,757.00,-82.00,-2.1,-67.24,-254.6,0,908.62,-75.81,-2.0,-65.77,-240.7,0,0,0,0,0,0,0,0,0,0,0
53.70,734.00,-46.00,-1.3,-40.72,-256.7,0,873.70,-69.85,-1.9,-60.76,-243.7,0,0,0,0,0,0,0,0,0,0,0
54.20,678.00,-112.00,-1.9,-61.09,-259.7,0,834.56,-78.28,-1.9,-60.82,-246.8,0,0,0,0,0,0,0,0,0,0,0
54.70,640.00,-76.00,-1.6,-53.04,-262.4,0,795.65,-77.82,-1.8,-59.27,-249.7,0,0,0,0,0,0,0,0,0,0,0
55.20,602.00,-76.00,-1.9,-59.66,-265.3,0,756.92,-77.46,-1.8,-59.35,-252.7,0,0,0,0,0,0,0,0,0,0,0
55.70,569.00,-66.00,-1.7,-53.51,-268.0,0,719.33,-75.17,-1.8,-58.18,-255.6,0,0,0,0,0,0,0,0,0,0,569
56.20,544.00,-50.00,-3.0,-95.18,-272.8,0,684.27,-70.13,-2.0,-65.58,-258.9,0,0,0,0,0,0,0,0,0,0,0
56.70,507.00,-74.00,-1.4,-44.51,-275.0,0,648.81,-70.91,-1.9,-61.37,-262.0,0,0,0,0,0,0,0,0,0,0,0
57.20,487.00,-40.00,-0.5,-15.63,-275.8,0,616.45,-64.73,-1.6,-52.22,-264.6,0,0,0,0,0,0,0,0,487,0,0
57.70,460.00,-54.00,5.7,184.68,-266.5,0,585.16,-62.58,-0.2,-4.84,-264.8,0,0,0,0,0,0,0,0,0,0,0
58.20,438.00,-44.00,2.8,90.44,-262.0,0,555.73,-58.86,0.4,14.22,-264.1,0,0,0,0,0,0,0,0,0,0,0
58.70,423.00,-30.00,0.7,22.73,-260.9,0,529.18,-53.09,0.5,15.92,-263.3,0,0,0,0,0,0,0,0,0,0,0
59.20,415.00,-16.00,-0.6,-18.47,-261.8,0,506.35,-45.67,0.3,9.04,-262.9,0,0,0,0,0,0,0,0,0,0,0
59.70,402.00,-26.00,-0.1,-4.26,-262.0,0,485.48,-41.74,0.2,6.38,-262.5,0,0,0,0,0,0,0,0,0,0,0
60.20,396.00,-12.00,0.2,6.16,-261.7,0,467.58,-35.79,0.2,6.34,-262.2,0,0,0,0,0,0,0,0,0,0,0
60.70,387.00,-18.00,0.3,8.05,-261.3,0,451.47,-32.23,0.2,6.68,-261.9,0,0,0,0,0,0,0,0,0,0,0
61.20,372.00,-30.00,0.1,3.31,-261.2,0,435.57,-31.79,0.2,6.01,-261.6,0,0,0,0,0,0,0,0,0,0,0
61.70,356.00,-32.00,0.3,9.47,-260.7,0,419.66,-31.83,0.2,6.70,-261.3,0,0,0,0,0,0,0,0,0,0,0
62.20,344.00,-24.00,0.1,2.84,-260.5,0,404.53,-30.26,0.2,5.93,-261.0,0,0,0,0,0,0,0,0,0,0,0
62.70,334.00,-20.00,0.1,2.84,-260.4,0,390.42,-28.21,0.2,5.31,-260.7,0,0,0,0,0,0,0,0,0,0,0
63.20,325.00,-18.00,0.0,0.47,-260.4,0,377.34,-26.17,0.1,4.34,-260.5,0,0,0,0,0,0,0,0,0,0,0
63.70,317.00,-16.00,-0.1,-2.84,-260.5,0,365.27,-24.13,0.1,2.91,-260.3,0,0,0,0,0,0,0,0,0,0,0
64.20,305.00,-24.00,0.1,2.37,-260.4,0,353.22,-24.11,0.1,2.80,-260.2,0,0,0,0,0,0,0,0,0,0,0
64.70,293.00,-24.00,0.2,6.16,-260.1,0,341.17,-24.09,0.1,3.47,-260.0,0,0,0,0,0,0,0,0,0,0,0
65.20,280.00,-26.00,0.2,5.21,-259.8,0,328.94,-24.47,0.1,3.82,-259.8,0,0,0,0,0,0,0,0,0,0,0
65.70,270.00,-20.00,0.2,6.16,-259.5,0,317.15,-23.58,0.1,4.29,-259.6,0,0,0,0,0,0,0,0,0,0,0
66.20,260.00,-20.00,0.1,4.26,-259.3,0,305.72,-22.86,0.1,4.28,-259.4,0,0,0,0,0,0,0,0,0,0,0
66.70,250.00,-20.00,0.1,3.79,-259.1,0,294.58,-22.29,0.1,4.18,-259.2,0,0,0,0,0,0,0,0,0,0,0
67.20,239.00,-22.00,0.2,6.63,-258.8,0,283.46,-22.23,0.1,4.67,-259.0,0,0,0,0,0,0,0,0,0,0,0
67.70,229.00,-20.00,0.2,6.16,-258.5,0,272.57,-21.78,0.2,4.97,-258.7,0,0,0,0,0,0,0,0,0,0,0
68.20,217.00,-24.00,0.0,1.42,-258.4,0,261.46,-22.23,0.1,4.26,-258.5,0,0,0,0,0,0,0,0,0,0,0
68.70,207.00,-20.00,0.2,6.16,-258.1,0,250.56,-21.78,0.1,4.64,-258.3,0,0,0,0,0,0,0,0,0,0,0
69.20,197.00,-20.00,0.1,4.26,-257.9,0,239.85,-21.43,0.1,4.56,-258.0,0,0,0,0,0,0,0,0,0,0,0
69.70,187.00,-20.00,0.2,5.21,-257.6,0,229.28,-21.14,0.1,4.69,-257.8,0,0,0,0,0,0,0,0,0,0,0
70.20,179.00,-16.00,0.1,1.89,-257.5,0,219.22,-20.11,0.1,4.13,-257.6,0,0,0,0,0,0,0,0,0,0,0
70.70,170.00,-18.00,0.0,0.47,-257.5,0,209.38,-19.69,0.1,3.40,-257.4,0,0,0,0,0,0,0,0,0,0,0
71.20,160.00,-20.00,0.1,4.74,-257.3,0,199.50,-19.75,0.1,3.67,-257.2,0,0,0,0,0,0,0,0,0,0,0
71.70,149.00,-22.00,0.2,5.68,-257.0,0,189.40,-20.20,0.1,4.07,-257.0,0,0,0,0,0,0,0,0,0,0,0
72.20,140.00,-18.00,0.1,2.37,-256.9,0,179.52,-19.76,0.1,3.73,-256.9,0,0,0,0,0,0,0,0,0,0,0
72.70,131.00,-18.00,0.0,0.00,-256.9,0,169.82,-19.41,0.1,2.98,-256.7,0,0,0,0,0,0,0,0,0,0,0
73.20,122.00,-18.00,0.1,3.31,-256.7,0,160.25,-19.13,0.1,3.05,-256.6,0,0,0,0,0,0,0,0,0,0,0
73.70,112.00,-20.00,0.1,2.37,-256.6,0,150.60,-19.30,0.1,2.91,-256.4,0,0,0,0,0,0,0,0,0,0,0
74.20,104.00,-16.00,0.1,3.31,-256.4,0,141.28,-18.64,0.1,2.99,-256.3,0,0,0,0,0,0,0,0,0,0,0
74.70,93.00,-22.00,0.1,3.31,-256.3,0,131.63,-19.31,0.1,3.06,-256.1,0,0,0,0,0,0,0,0,0,0,0
75.20,84.00,-18.00,0.1,2.84,-256.1,0,122.10,-19.05,0.1,3.01,-256.0,0,0,0,0,0,0,0,0,0,0,0
75.70,75.00,-18.00,0.1,3.31,-255.9,0,112.68,-18.84,0.1,3.07,-255.8,0,0,0,0,0,0,0,0,0,0,0
76.20,67.00,-16.00,0.1,4.26,-255.7,0,103.54,-18.27,0.1,3.31,-255.6,0,0,0,0,0,0,0,0,0,0,0
76.70,57.00,-20.00,0.1,2.37,-255.6,0,94.24,-18.62,0.1,3.12,-255.5,0,0,0,0,0,0,0,0,0,0,0
77.20,47.00,-20.00,0.3,9.00,-255.2,0,84.79,-18.89,0.1,4.30,-255.3,0,0,0,0,0,0,0,0,0,0,0
77.70,39.00,-16.00,0.1,2.37,-255.0,0,75.63,-18.32,0.1,3.91,-255.1,0,0,0,0,0,0,0,0,0,0,0
78.20,30.00,-18.00,0.3,8.05,-254.6,0,66.50,-18.25,0.1,4.74,-254.8,0,0,0,0,0,0,0,0,0,0,0
78.70,22.00,-16.00,0.1,3.31,-254.5,0,57.60,-17.80,0.1,4.45,-254.6,0,0,0,0,0,0,0,0,0,0,0
79.20,16.00,-12.00,0.0,0.95,-254.4,0,49.28,-16.64,0.1,3.75,-254.4,0,0,0,0,0,0,0,0,0,0,0
79.70,9.00,-14.00,-0.3,-9.47,-254.9,0,41.23,-16.11,0.0,1.11,-254.4,0,0,0,0,0,0,0,0,0,0,0
80.20,7.00,-4.00,-0.9,-28.89,-256.3,0,34.38,-13.69,-0.2,-4.89,-254.6,0,0,0,0,0,0,0,0,0,0,0
80.70,8.00,2.00,-0.9,-28.41,-257.8,0,29.10,-10.55,-0.3,-9.59,-255.1,0,0,0,0,0,0,0,0,0,0,0
81.20,9.00,2.00,-0.9,-28.89,-259.2,0,25.08,-8.04,-0.4,-13.45,-255.8,0,0,0,0,0,0,0,0,0,0,0
81.70,9.00,0.00,-0.8,-26.52,-260.5,0,21.87,-6.43,-0.5,-16.07,-256.6,0,0,0,0,0,0,0,0,0,0,0
82.20,9.00,0.00,-1.0,-30.78,-262.1,0,19.29,-5.15,-0.6,-19.01,-257.5,0,0,0,0,0,0,0,0,0,0,0
T,Alt,Veloc,AccelG,AccelFPSS,VAccel,AltAccel,Filt_Alt,FVeloc,FAccelG,FAccelFPSS,FAccelVel,FAccelAlt,LDA,MaxV,MaxA,BO#1,Apogee,N-O,CH1,CH3,CH4,CH5