0.01,0,0.038,3.804,90,0
0.02,0.002,0.348,31.008,90,0
0.03,0.009,0.93,58.231,90,0
0.04,0.022,1.785,85.469,90,0
0.05,0.046,2.912,112.722,90,0
0.06,0.081,4.174,126.264,90,0
0.07,0.129,5.434,126.04,90,0
0.08,0.19,6.692,125.814,90,0
0.09,0.263,7.947,125.586,90,0
0.1,0.349,9.201,125.357,90,0
0.11,0.447,10.451,125.126,90,0
0.12,0.558,11.7,124.893,90,0
0.13,0.681,12.946,124.659,90,0
0.14,0.817,14.19,124.422,90,0
0.15,0.965,15.432,124.184,90,0
0.16,1.125,16.671,123.943,90,0
0.17,1.298,17.908,123.743,90,0
0.18,1.483,19.144,123.587,90,0
0.19,1.672,20.323,123.431,90,0
0.199,1.86,21.432,123.281,90,0
0.212,2.16,23.093,123.109,89.998,0
0.232,2.653,25.58,122.845,89.987,0.002
0.263,3.486,29.297,122.435,89.951,0.001
0.308,4.948,34.854,122.06,89.842,0.001
0.358,6.843,40.95,121.983,89.637,0.001
0.408,9.042,47.041,121.86,89.332,0.004
0.458,11.547,53.125,121.685,88.923,0.005
0.508,14.355,59.198,121.446,88.423,0.006
0.558,17.466,65.248,120.934,87.862,0.007
0.608,20.879,71.258,120.106,87.283,0.008
0.658,24.591,77.225,119.209,86.763,0.009
0.708,28.6,83.146,118.273,86.374,0.007
0.758,32.904,89.02,117.328,86.18,0.004
0.8,36.754,93.923,116.401,86.196,0.002
0.844,40.981,98.988,115.477,86.381,0
0.894,46.074,104.717,114.443,86.75,-0.001
0.944,51.451,110.391,113.319,87.19,0.002
0.994,57.111,116.006,112.116,87.557,0.005
1.038,62.339,120.907,110.852,87.704,0.008
1.074,66.748,124.833,109.244,87.669,0.013
1.116,72.017,129.299,107.44,87.479,0.016
1.166,78.614,134.579,105.229,87.137,0.014
1.216,85.472,139.737,102.813,86.808,0.005
1.266,92.585,144.774,100.401,86.653,-0.003
1.3,97.671,148.2,98.471,86.706,-0.007
1.341,103.823,152.169,96.656,86.906,-0.006
1.391,111.55,156.908,94.417,87.19,0.005
1.441,119.511,161.522,91.924,87.327,0.023
1.484,126.531,165.383,89.592,87.266,0.033
1.534,134.909,169.742,86.7,87.046,0.026
1.584,143.5,173.892,82.579,86.846,0.007
1.633,152.055,177.73,78.534,86.829,-0.007
1.683,161.036,181.475,74.563,86.984,-0.015
1.733,170.198,185.017,70.471,87.128,-0.005
1.783,179.533,188.349,66.256,87.121,0.016
1.833,189.019,191.096,54.583,87.011,0.026
1.883,198.612,192.632,30.539,86.928,0.003
1.933,208.255,193.067,8.655,86.931,-0.023
1.983,217.91,193.158,1.83,87,-0.017
2.033,227.565,193.02,-2.713,87.076,0.014
2.083,237.205,192.594,-8.435,87.076,0.034
2.133,246.817,191.883,-14.141,86.987,0.021
2.183,256.386,190.887,-19.761,86.914,-0.008
2.233,265.898,189.613,-25.271,86.936,-0.014
2.26,271.025,188.75,-31.704,86.97,-0.008
2.301,278.667,187.333,-34.651,87.002,0.008
2.351,287.991,185.613,-34.156,86.974,0.022
2.401,297.229,183.917,-33.689,86.908,0.017
2.451,306.383,182.244,-33.225,86.88,0.01
2.501,315.454,180.595,-32.734,86.925,0.005
2.551,324.443,178.97,-32.264,86.985,-0.004
2.601,333.351,177.369,-31.808,87.004,-0.002
2.651,342.18,175.788,-31.411,86.966,0.009
2.701,350.931,174.228,-30.991,86.946,0.012
2.751,359.603,172.689,-30.569,86.952,0.016
2.801,368.2,171.171,-30.172,86.959,0.012
2.851,376.721,169.672,-29.775,86.96,0
2.901,385.167,168.193,-29.403,86.944,-0.003
2.951,393.54,166.732,-29.033,86.924,0.008
3.001,401.841,165.289,-28.678,86.907,0.025
3.051,410.07,163.864,-28.32,86.902,0.022
3.101,418.228,162.457,-27.959,86.891,0.003
3.151,426.316,161.068,-27.635,86.84,-0.005
3.201,434.335,159.693,-27.329,86.782,0.004
3.251,442.285,158.335,-27.018,86.774,0.021
3.301,450.168,156.992,-26.686,86.839,0.037
3.351,457.985,155.666,-26.346,86.924,0.036
3.401,465.735,154.357,-26.042,86.948,0.021
3.451,473.421,153.062,-25.762,86.894,0.004
3.501,481.042,151.781,-25.485,86.797,0.001
3.551,488.599,150.513,-25.229,86.691,0.012
3.601,496.093,149.257,-24.977,86.64,0.035
3.651,503.525,148.016,-24.681,86.68,0.038
3.701,510.895,146.789,-24.404,86.759,0.022
3.751,518.204,145.576,-24.132,86.829,0.004
3.801,525.453,144.375,-23.878,86.851,-0.004
3.851,532.642,143.188,-23.637,86.816,0.006
3.901,539.772,142.012,-23.41,86.74,0.023
3.951,546.843,140.847,-23.189,86.662,0.036
4.001,553.856,139.693,-22.964,86.621,0.039
4.051,560.812,138.55,-22.723,86.624,0.032
4.101,567.712,137.42,-22.496,86.642,0.015
4.151,574.555,136.3,-22.283,86.663,0.001
4.201,581.342,135.192,-22.061,86.692,-0.003
4.251,588.074,134.094,-21.838,86.706,0.008
4.301,594.751,133.007,-21.649,86.685,0.021
4.351,601.375,131.93,-21.452,86.654,0.023
4.401,607.945,130.862,-21.252,86.628,0.019
4.451,614.461,129.805,-21.043,86.593,0.013
4.501,620.925,128.757,-20.869,86.525,0.007
4.551,627.337,127.718,-20.691,86.449,0.005
4.601,633.697,126.688,-20.523,86.394,0.007
4.651,640.006,125.666,-20.336,86.384,0.012
4.701,646.264,124.654,-20.155,86.41,0.015
4.751,652.472,123.65,-19.98,86.46,0.02
4.801,658.629,122.656,-19.803,86.527,0.022
4.851,664.737,121.67,-19.627,86.594,0.022
4.901,670.796,120.693,-19.448,86.634,0.018
4.951,676.807,119.725,-19.288,86.616,0.016
5.001,682.769,118.765,-19.137,86.538,0.015
5.051,688.683,117.811,-19.005,86.423,0.02
5.101,694.55,116.864,-18.876,86.325,0.027
5.151,700.37,115.924,-18.724,86.29,0.03
5.201,706.143,114.991,-18.573,86.32,0.025
5.251,711.869,114.067,-18.412,86.402,0.019
5.301,717.55,113.15,-18.242,86.496,0.014
5.351,723.184,112.242,-18.09,86.543,0.011
5.401,728.774,111.341,-17.955,86.507,0.013
5.451,734.319,110.446,-17.838,86.399,0.018
5.501,739.819,109.557,-17.726,86.259,0.024
5.551,745.274,108.674,-17.614,86.137,0.028
5.601,750.686,107.796,-17.501,86.073,0.026
5.651,756.054,106.924,-17.358,86.088,0.021
5.701,761.379,106.06,-17.217,86.157,0.016
5.751,766.66,105.202,-17.08,86.242,0.01
5.801,771.899,104.352,-16.939,86.306,0.006
5.851,777.095,103.508,-16.832,86.314,0.002
5.901,782.25,102.669,-16.715,86.276,0.006
5.951,787.362,101.836,-16.609,86.199,0.015
6.001,792.434,101.009,-16.499,86.097,0.025
6.051,797.463,100.186,-16.405,85.984,0.029
6.101,802.452,99.368,-16.294,85.885,0.031
6.151,807.4,98.556,-16.202,85.808,0.031
6.201,812.308,97.749,-16.094,85.77,0.029
6.251,817.175,96.946,-15.992,85.774,0.023
6.301,822.003,96.15,-15.869,85.815,0.016
6.351,826.79,95.359,-15.761,85.862,0.012
6.401,831.539,94.574,-15.647,85.892,0.012
6.451,836.248,93.794,-15.559,85.883,0.014
6.501,840.918,93.019,-15.456,85.844,0.017
6.551,845.55,92.248,-15.369,85.769,0.021
6.601,850.143,91.482,-15.286,85.672,0.023
6.651,854.698,90.719,-15.206,85.574,0.022
6.701,859.215,89.961,-15.123,85.497,0.018
6.751,863.694,89.207,-15.028,85.451,0.012
6.801,868.136,88.458,-14.941,85.43,0.007
6.851,872.54,87.713,-14.863,85.437,0.005
6.901,876.907,86.972,-14.768,85.48,0.004
6.951,881.237,86.236,-14.668,85.545,0.007
7.001,885.531,85.505,-14.571,85.603,0.013
7.051,889.788,84.779,-14.497,85.63,0.019
7.101,894.009,84.056,-14.417,85.635,0.024
7.151,898.194,83.336,-14.355,85.626,0.028
7.201,902.342,82.621,-14.26,85.621,0.031
7.251,906.456,81.91,-14.176,85.6,0.032
7.301,910.533,81.203,-14.103,85.546,0.031
7.351,914.576,80.5,-14.036,85.463,0.029
7.401,918.584,79.799,-13.972,85.366,0.025
7.451,922.556,79.103,-13.9,85.27,0.022
7.501,926.494,78.409,-13.843,85.18,0.017
7.551,930.397,77.719,-13.769,85.113,0.013
7.601,934.266,77.031,-13.724,85.076,0.011
7.651,938.1,76.347,-13.641,85.09,0.012
7.701,941.901,75.667,-13.559,85.142,0.015
7.751,945.667,74.992,-13.474,85.205,0.019
7.801,949.4,74.32,-13.396,85.246,0.024
7.851,953.099,73.652,-13.334,85.247,0.027
7.901,956.765,72.986,-13.275,85.207,0.031
7.951,960.398,72.324,-13.217,85.136,0.035
8.001,963.997,71.665,-13.162,85.041,0.035
8.051,967.564,71.008,-13.107,84.936,0.034
8.101,971.098,70.354,-13.056,84.831,0.031
8.151,974.6,69.703,-12.994,84.737,0.027
8.201,978.069,69.054,-12.939,84.654,0.024
8.251,981.505,68.409,-12.877,84.582,0.02
8.301,984.91,67.766,-12.829,84.52,0.018
8.351,988.282,67.126,-12.784,84.478,0.017
8.401,991.622,66.488,-12.724,84.47,0.018
8.451,994.931,65.853,-12.679,84.494,0.019
8.501,998.208,65.221,-12.6,84.554,0.021
8.551,1001.453,64.593,-12.542,84.624,0.022
8.601,1004.667,63.967,-12.482,84.69,0.024
8.651,1007.85,63.344,-12.427,84.742,0.026
8.701,1011.001,62.724,-12.369,84.771,0.028
8.751,1014.122,62.107,-12.325,84.768,0.029
8.801,1017.212,61.492,-12.281,84.742,0.028
8.851,1020.271,60.879,-12.242,84.702,0.028
8.901,1023.3,60.268,-12.192,84.661,0.028
8.951,1026.298,59.66,-12.135,84.615,0.028
9.001,1029.266,59.054,-12.089,84.553,0.028
9.051,1032.204,58.451,-12.043,84.473,0.027
9.101,1035.111,57.85,-12.004,84.376,0.027
9.151,1037.989,57.25,-11.969,84.271,0.027
9.201,1040.836,56.653,-11.918,84.169,0.028
9.251,1043.654,56.058,-11.878,84.064,0.028
9.26,1044.178,55.947,-11.87,84.044,0.028
9.274,1044.962,55.781,-11.858,84.014,0.028
9.295,1046.133,55.531,-11.839,83.969,0.029
9.327,1047.881,55.158,-11.815,83.902,0.029
9.374,1050.48,54.599,-11.779,83.803,0.03
9.424,1053.195,54.011,-11.737,83.704,0.03
9.474,1055.881,53.426,-11.702,83.612,0.03
9.524,1058.538,52.841,-11.673,83.531,0.031
9.574,1061.165,52.258,-11.634,83.476,0.03
9.624,1063.763,51.678,-11.595,83.45,0.03
9.674,1066.333,51.099,-11.559,83.449,0.029
9.724,1068.873,50.522,-11.516,83.48,0.028
9.774,1071.385,49.947,-11.468,83.534,0.028
9.824,1073.868,49.375,-11.422,83.6,0.028
9.874,1076.323,48.805,-11.377,83.665,0.028
9.924,1078.749,48.237,-11.333,83.717,0.029
9.974,1081.146,47.672,-11.295,83.745,0.029
10.024,1083.516,47.108,-11.264,83.744,0.029
10.074,1085.857,46.545,-11.231,83.721,0.03
10.124,1088.17,45.985,-11.198,83.677,0.03
10.174,1090.456,45.425,-11.166,83.613,0.031
10.224,1092.713,44.868,-11.137,83.532,0.032
10.274,1094.943,44.312,-11.106,83.438,0.032
10.324,1097.144,43.757,-11.074,83.332,0.033
10.374,1099.318,43.204,-11.045,83.214,0.033
10.424,1101.465,42.653,-11.014,83.087,0.033
10.474,1103.584,42.103,-10.984,82.951,0.033
10.524,1105.675,41.554,-10.959,82.806,0.033
10.574,1107.739,41.007,-10.938,82.659,0.033
10.624,1109.776,40.461,-10.91,82.519,0.033
10.674,1111.785,39.916,-10.877,82.387,0.033
10.724,1113.767,39.373,-10.851,82.258,0.033
10.774,1115.722,38.831,-10.825,82.134,0.033
10.824,1117.65,38.29,-10.798,82.017,0.033
10.874,1119.551,37.751,-10.771,81.906,0.032
10.924,1121.426,37.213,-10.748,81.803,0.032
10.974,1123.273,36.676,-10.721,81.708,0.031
11.024,1125.093,36.141,-10.697,81.622,0.03
11.074,1126.887,35.607,-10.676,81.546,0.03
11.124,1128.654,35.074,-10.638,81.483,0.029
11.174,1130.394,34.543,-10.603,81.421,0.029
11.224,1132.108,34.013,-10.581,81.348,0.03
11.274,1133.796,33.485,-10.561,81.265,0.03
11.324,1135.457,32.957,-10.532,81.177,0.03
11.374,1137.091,32.431,-10.506,81.079,0.031
11.424,1138.7,31.907,-10.485,80.966,0.031
11.474,1140.282,31.383,-10.463,80.842,0.031
11.524,1141.838,30.86,-10.444,80.704,0.032
11.574,1143.368,30.338,-10.428,80.556,0.032
11.624,1144.872,29.818,-10.407,80.403,0.033
11.674,1146.35,29.298,-10.386,80.245,0.033
11.724,1147.802,28.779,-10.368,80.081,0.033
11.774,1149.228,28.261,-10.345,79.914,0.033
11.824,1150.628,27.744,-10.321,79.74,0.033
11.874,1152.002,27.229,-10.305,79.556,0.033
11.924,1153.351,26.714,-10.291,79.364,0.033
11.974,1154.674,26.2,-10.276,79.168,0.033
12.024,1155.971,25.686,-10.251,78.97,0.033
12.074,1157.242,25.175,-10.228,78.766,0.033
12.124,1158.488,24.664,-10.216,78.551,0.033
12.174,1159.709,24.153,-10.205,78.329,0.033
12.224,1160.904,23.643,-10.185,78.105,0.033
12.274,1162.073,23.134,-10.165,77.875,0.033
12.324,1163.217,22.627,-10.15,77.638,0.033
12.374,1164.336,22.119,-10.135,77.393,0.033
12.424,1165.429,21.613,-10.118,77.143,0.033
12.474,1166.497,21.108,-10.098,76.884,0.033
12.524,1167.54,20.603,-10.083,76.614,0.033
12.574,1168.557,20.099,-10.067,76.333,0.033
12.624,1169.55,19.596,-10.052,76.04,0.033
12.674,1170.517,19.094,-10.039,75.734,0.033
12.724,1171.459,18.593,-10.023,75.416,0.033
12.774,1172.376,18.092,-10.006,75.086,0.033
12.824,1173.268,17.592,-9.991,74.74,0.033
12.874,1174.136,17.093,-9.975,74.378,0.033
12.924,1174.978,16.594,-9.961,73.998,0.033
12.974,1175.795,16.097,-9.949,73.6,0.033
13.024,1176.587,15.599,-9.944,73.185,0.033
13.074,1177.355,15.102,-9.943,72.755,0.033
13.124,1178.098,14.605,-9.933,72.316,0.033
13.174,1178.815,14.109,-9.922,71.87,0.033
13.224,1179.509,13.613,-9.917,71.415,0.034
13.274,1180.177,13.117,-9.908,70.954,0.034
13.324,1180.82,12.622,-9.898,70.489,0.034
13.374,1181.439,12.128,-9.884,70.019,0.034
13.424,1182.033,11.634,-9.873,69.542,0.034
13.474,1182.602,11.14,-9.868,69.058,0.034
13.524,1183.147,10.647,-9.853,68.567,0.034
13.574,1183.667,10.155,-9.835,68.069,0.034
13.624,1184.163,9.664,-9.825,67.56,0.034
13.674,1184.633,9.173,-9.813,67.04,0.035
13.724,1185.08,8.682,-9.797,66.508,0.035
13.774,1185.502,8.193,-9.785,65.962,0.035
13.824,1185.899,7.704,-9.773,65.403,0.035
13.874,1186.272,7.216,-9.755,64.829,0.035
13.924,1186.621,6.728,-9.745,64.241,0.035
13.974,1186.945,6.241,-9.742,63.638,0.036
14.024,1187.245,5.754,-9.729,63.022,0.036
14.074,1187.52,5.268,-9.708,62.393,0.036
14.124,1187.772,4.783,-9.679,61.751,0.036
14.174,1187.999,4.3,-9.65,61.095,0.036
14.224,1188.202,3.818,-9.633,60.427,0.036
14.274,1188.381,3.337,-9.618,59.752,0.036
14.324,1188.535,2.857,-9.595,59.077,0.037
14.374,1188.666,2.378,-9.557,58.407,0.037
14.424,1188.773,1.901,-9.513,57.747,0.037
14.474,1188.856,1.426,-9.493,57.105,0.037
14.524,1188.916,0.95,-9.692,56.483,0.037
14.574,1188.951,0.466,-9.682,55.873,0.037
14.624,1188.962,-0.018,-9.676,55.27,0.037
14.674,1188.949,-0.502,-9.669,54.676,0.037
14.679,1188.947,-0.552,-9.739,NaN,NaN
15.179,1187.454,-5.419,-9.734,NaN,NaN
15.679,1183.613,-9.945,-9.052,NaN,NaN
16.029,1179.67,-12.624,-7.667,NaN,NaN
16.331,1175.561,-14.591,-6.513,NaN,NaN
16.628,1170.98,-16.225,-5.498,NaN,NaN
16.935,1165.774,-17.619,-4.531,NaN,NaN
17.272,1159.638,-18.837,-3.618,NaN,NaN
17.657,1152.19,-19.893,-2.744,NaN,NaN
18.141,1142.321,-20.843,-1.961,NaN,NaN
18.641,1131.748,-21.448,-1.211,NaN,NaN
19.141,1120.933,-21.809,-0.721,NaN,NaN
19.641,1109.978,-22.013,-0.408,NaN,NaN
20.141,1098.943,-22.128,-0.23,NaN,NaN
20.641,1087.864,-22.188,-0.121,NaN,NaN
21.141,1076.762,-22.219,-0.062,NaN,NaN
21.641,1065.65,-22.231,-0.024,NaN,NaN
22.141,1054.534,-22.233,-0.004,NaN,NaN
22.641,1043.419,-22.228,0.009,NaN,NaN
23.141,1032.307,-22.219,0.017,NaN,NaN
23.641,1021.199,-22.21,0.018,NaN,NaN
24.141,1010.097,-22.2,0.021,NaN,NaN
24.641,999,-22.189,0.021,NaN,NaN
25.141,987.908,-22.178,0.023,NaN,NaN
25.641,976.822,-22.166,0.023,NaN,NaN
26.141,965.741,-22.155,0.024,NaN,NaN
26.641,954.667,-22.142,0.025,NaN,NaN
27.141,943.599,-22.13,0.025,NaN,NaN
27.641,932.537,-22.118,0.024,NaN,NaN
28.141,921.482,-22.106,0.024,NaN,NaN
28.641,910.432,-22.093,0.024,NaN,NaN
29.141,899.388,-22.081,0.024,NaN,NaN
29.641,888.35,-22.069,0.025,NaN,NaN
30.141,877.319,-22.057,0.025,NaN,NaN
30.641,866.294,-22.044,0.024,NaN,NaN
31.141,855.275,-22.033,0.024,NaN,NaN
31.641,844.261,-22.021,0.024,NaN,NaN
32.141,833.254,-22.008,0.025,NaN,NaN
32.641,822.253,-21.996,0.025,NaN,NaN
33.141,811.258,-21.984,0.024,NaN,NaN
33.641,800.269,-21.973,0.023,NaN,NaN
34.141,789.285,-21.961,0.023,NaN,NaN
34.641,778.308,-21.949,0.024,NaN,NaN
35.141,767.336,-21.937,0.023,NaN,NaN
35.641,756.37,-21.926,0.024,NaN,NaN
36.141,745.411,-21.913,0.025,NaN,NaN
36.641,734.457,-21.902,0.023,NaN,NaN
37.141,723.509,-21.89,0.023,NaN,NaN
37.641,712.567,-21.878,0.024,NaN,NaN
38.141,701.631,-21.867,0.023,NaN,NaN
38.641,690.7,-21.855,0.023,NaN,NaN
39.141,679.775,-21.844,0.023,NaN,NaN
39.641,668.856,-21.832,0.023,NaN,NaN
40.141,657.943,-21.821,0.023,NaN,NaN
40.641,647.036,-21.809,0.024,NaN,NaN
41.141,636.134,-21.798,0.022,NaN,NaN
41.641,625.238,-21.786,0.023,NaN,NaN
42.141,614.348,-21.774,0.023,NaN,NaN
42.641,603.463,-21.763,0.022,NaN,NaN
43.141,592.584,-21.752,0.023,NaN,NaN
43.641,581.711,-21.741,0.022,NaN,NaN
44.141,570.844,-21.729,0.023,NaN,NaN
44.641,559.982,-21.718,0.022,NaN,NaN
45.141,549.125,-21.707,0.022,NaN,NaN
45.641,538.275,-21.695,0.024,NaN,NaN
46.141,527.43,-21.684,0.022,NaN,NaN
46.641,516.59,-21.673,0.022,NaN,NaN
47.141,505.756,-21.663,0.022,NaN,NaN
47.641,494.928,-21.65,0.024,NaN,NaN
48.141,484.105,-21.64,0.021,NaN,NaN
48.641,473.288,-21.629,0.022,NaN,NaN
49.141,462.477,-21.617,0.023,NaN,NaN
49.641,451.671,-21.605,0.025,NaN,NaN
50.141,440.872,-21.594,0.022,NaN,NaN
50.641,430.078,-21.582,0.023,NaN,NaN
51.141,419.29,-21.57,0.023,NaN,NaN
51.641,408.507,-21.559,0.022,NaN,NaN
52.141,397.73,-21.548,0.023,NaN,NaN
52.641,386.959,-21.537,0.023,NaN,NaN
53.141,376.194,-21.525,0.023,NaN,NaN
53.641,365.434,-21.514,0.023,NaN,NaN
54.141,354.68,-21.503,0.023,NaN,NaN
54.641,343.931,-21.491,0.023,NaN,NaN
55.141,333.188,-21.48,0.022,NaN,NaN
55.641,322.451,-21.469,0.023,NaN,NaN
56.141,311.719,-21.458,0.022,NaN,NaN
56.641,300.993,-21.446,0.023,NaN,NaN
57.141,290.273,-21.435,0.022,NaN,NaN
57.641,279.558,-21.424,0.022,NaN,NaN
58.141,268.849,-21.413,0.022,NaN,NaN
58.641,258.146,-21.402,0.022,NaN,NaN
59.141,247.448,-21.391,0.022,NaN,NaN
59.641,236.755,-21.38,0.022,NaN,NaN
60.141,226.068,-21.369,0.022,NaN,NaN
60.641,215.386,-21.357,0.023,NaN,NaN
61.141,204.711,-21.346,0.021,NaN,NaN
61.641,194.04,-21.336,0.022,NaN,NaN
61.644,193.99,-20.836,210.702,NaN,NaN
61.645,193.969,-20.635,200.489,NaN,NaN
61.646,193.949,-20.439,196.462,NaN,NaN
61.647,193.928,-20.246,192.553,NaN,NaN
61.648,193.908,-20.057,188.759,NaN,NaN
61.649,193.888,-19.872,185.074,NaN,NaN
61.65,193.868,-19.691,181.495,NaN,NaN
61.651,193.849,-19.513,178.017,NaN,NaN
61.652,193.829,-19.338,174.637,NaN,NaN
61.653,193.81,-19.167,171.351,NaN,NaN
61.654,193.791,-18.999,168.155,NaN,NaN
61.655,193.772,-18.834,165.047,NaN,NaN
61.656,193.753,-18.672,162.023,NaN,NaN
61.657,193.735,-18.512,159.08,NaN,NaN
61.658,193.716,-18.356,156.215,NaN,NaN
61.659,193.698,-18.203,153.426,NaN,NaN
61.66,193.68,-18.052,150.709,NaN,NaN
61.661,193.662,-17.904,148.063,NaN,NaN
61.662,193.644,-17.759,145.484,NaN,NaN
61.663,193.626,-17.616,142.972,NaN,NaN
61.664,193.609,-17.475,140.522,NaN,NaN
61.665,193.592,-17.337,138.134,NaN,NaN
61.666,193.574,-17.201,135.805,NaN,NaN
61.667,193.557,-17.068,133.533,NaN,NaN
61.668,193.54,-16.936,131.317,NaN,NaN
61.669,193.523,-16.807,129.154,NaN,NaN
61.67,193.507,-16.68,127.044,NaN,NaN
61.671,193.49,-16.555,124.983,NaN,NaN
61.672,193.473,-16.432,122.971,NaN,NaN
61.673,193.457,-16.311,121.007,NaN,NaN
61.674,193.441,-16.192,119.088,NaN,NaN
61.675,193.425,-16.075,117.213,NaN,NaN
61.676,193.409,-15.959,115.381,NaN,NaN
61.677,193.393,-15.846,113.591,NaN,NaN
61.678,193.377,-15.734,111.841,NaN,NaN
61.679,193.361,-15.624,110.131,NaN,NaN
61.68,193.346,-15.515,108.458,NaN,NaN
61.681,193.33,-15.409,106.822,NaN,NaN
61.682,193.315,-15.303,105.222,NaN,NaN
61.683,193.3,-15.2,103.657,NaN,NaN
61.684,193.284,-15.098,102.126,NaN,NaN
61.685,193.269,-14.997,100.627,NaN,NaN
61.686,193.254,-14.898,99.16,NaN,NaN
61.687,193.24,-14.8,97.725,NaN,NaN
61.688,193.225,-14.704,96.319,NaN,NaN
61.689,193.21,-14.609,94.943,NaN,NaN
61.69,193.196,-14.515,93.595,NaN,NaN
61.691,193.181,-14.423,92.275,NaN,NaN
61.692,193.167,-14.332,90.981,NaN,NaN
61.693,193.153,-14.242,89.714,NaN,NaN
61.694,193.138,-14.154,88.473,NaN,NaN
61.695,193.124,-14.067,87.256,NaN,NaN
61.696,193.11,-13.98,86.063,NaN,NaN
61.697,193.096,-13.896,84.894,NaN,NaN
61.698,193.082,-13.812,83.748,NaN,NaN
61.699,193.069,-13.729,82.624,NaN,NaN
61.7,193.055,-13.648,81.522,NaN,NaN
61.701,193.041,-13.567,80.441,NaN,NaN
61.702,193.028,-13.488,79.38,NaN,NaN
61.703,193.014,-13.41,78.34,NaN,NaN
61.704,193.001,-13.332,77.319,NaN,NaN
61.705,192.988,-13.256,76.317,NaN,NaN
61.706,192.974,-13.179,75.334,NaN,NaN
61.707,192.961,-13.102,74.353,NaN,NaN
61.708,192.947,-13.025,73.372,NaN,NaN
61.709,192.933,-12.947,72.392,NaN,NaN
61.71,192.919,-12.868,71.411,NaN,NaN
61.711,192.904,-12.79,70.431,NaN,NaN
61.712,192.89,-12.71,69.451,NaN,NaN
61.713,192.875,-12.631,68.472,NaN,NaN
61.715,192.86,-12.55,67.492,NaN,NaN
61.716,192.845,-12.47,66.513,NaN,NaN
61.717,192.829,-12.388,65.534,NaN,NaN
61.718,192.814,-12.307,64.556,NaN,NaN
61.72,192.798,-12.224,63.577,NaN,NaN
61.721,192.782,-12.141,62.6,NaN,NaN
61.722,192.765,-12.058,61.622,NaN,NaN
61.724,192.749,-11.974,60.645,NaN,NaN
61.725,192.732,-11.89,59.668,NaN,NaN
61.727,192.715,-11.805,58.691,NaN,NaN
61.728,192.697,-11.719,57.715,NaN,NaN
61.73,192.68,-11.633,56.739,NaN,NaN
61.731,192.662,-11.546,55.763,NaN,NaN
61.733,192.643,-11.459,54.788,NaN,NaN
61.734,192.624,-11.37,53.813,NaN,NaN
61.736,192.605,-11.282,52.839,NaN,NaN
61.738,192.586,-11.192,51.865,NaN,NaN
61.739,192.566,-11.102,50.892,NaN,NaN
61.741,192.546,-11.011,49.919,NaN,NaN
61.743,192.526,-10.92,48.946,NaN,NaN
61.745,192.505,-10.828,47.974,NaN,NaN
61.747,192.484,-10.735,47.003,NaN,NaN
61.749,192.462,-10.641,46.032,NaN,NaN
61.751,192.44,-10.547,45.061,NaN,NaN
61.753,192.417,-10.451,44.091,NaN,NaN
61.756,192.394,-10.355,43.122,NaN,NaN
61.758,192.37,-10.258,42.153,NaN,NaN
61.76,192.346,-10.16,41.184,NaN,NaN
61.763,192.321,-10.062,40.217,NaN,NaN
61.765,192.295,-9.962,39.25,NaN,NaN
61.768,192.269,-9.861,38.283,NaN,NaN
61.771,192.243,-9.76,37.318,NaN,NaN
61.773,192.215,-9.657,36.353,NaN,NaN
61.776,192.187,-9.554,35.389,NaN,NaN
61.779,192.158,-9.449,34.426,NaN,NaN
61.783,192.129,-9.344,33.464,NaN,NaN
61.786,192.098,-9.237,32.503,NaN,NaN
61.789,192.067,-9.129,31.543,NaN,NaN
61.793,192.035,-9.02,30.583,NaN,NaN
61.797,192.001,-8.91,29.625,NaN,NaN
61.8,191.967,-8.799,28.668,NaN,NaN
61.804,191.931,-8.686,27.713,NaN,NaN
61.809,191.895,-8.572,26.758,NaN,NaN
61.813,191.856,-8.457,25.806,NaN,NaN
61.818,191.817,-8.34,24.854,NaN,NaN
61.823,191.776,-8.222,23.905,NaN,NaN
61.828,191.734,-8.102,22.957,NaN,NaN
61.834,191.689,-7.981,22.01,NaN,NaN
61.839,191.643,-7.858,21.066,NaN,NaN
61.846,191.595,-7.734,20.124,NaN,NaN
61.852,191.544,-7.608,19.184,NaN,NaN
61.859,191.492,-7.48,18.246,NaN,NaN
61.867,191.436,-7.35,17.311,NaN,NaN
61.875,191.377,-7.218,16.38,NaN,NaN
61.883,191.316,-7.085,15.452,NaN,NaN
61.893,191.25,-6.949,14.527,NaN,NaN
61.903,191.181,-6.812,13.606,NaN,NaN
61.914,191.106,-6.672,12.689,NaN,NaN
61.926,191.027,-6.53,11.777,NaN,NaN
61.939,190.941,-6.386,10.871,NaN,NaN
61.954,190.848,-6.239,9.971,NaN,NaN
61.97,190.747,-6.09,9.076,NaN,NaN
61.988,190.638,-5.941,8.183,NaN,NaN
62.009,190.516,-5.79,7.312,NaN,NaN
62.033,190.38,-5.636,6.451,NaN,NaN
62.061,190.225,-5.479,5.598,NaN,NaN
62.094,190.046,-5.322,4.756,NaN,NaN
62.134,189.835,-5.164,3.932,NaN,NaN
62.184,189.581,-5.007,3.129,NaN,NaN
62.249,189.263,-4.855,2.359,NaN,NaN
62.331,188.868,-4.72,1.64,NaN,NaN
62.445,188.337,-4.606,1.005,NaN,NaN
62.647,187.416,-4.507,0.489,NaN,NaN
62.988,185.882,-4.488,0.057,NaN,NaN
63.488,183.634,-4.502,-0.029,NaN,NaN
63.988,181.389,-4.482,0.041,NaN,NaN
64.488,179.141,-4.507,-0.051,NaN,NaN
64.988,176.895,-4.476,0.063,NaN,NaN
65.488,174.649,-4.508,-0.065,NaN,NaN
65.988,172.405,-4.47,0.078,NaN,NaN
66.488,170.158,-4.517,-0.096,NaN,NaN
66.988,167.918,-4.444,0.146,NaN,NaN
67.488,165.67,-4.545,-0.201,NaN,NaN
67.988,163.428,-4.424,0.242,NaN,NaN
68.488,161.182,-4.56,-0.273,NaN,NaN
68.881,159.419,-4.429,0.334,NaN,NaN
69.381,157.176,-4.541,-0.223,NaN,NaN
69.711,155.691,-4.458,0.25,NaN,NaN
70.211,153.446,-4.522,-0.126,NaN,NaN
70.711,151.204,-4.447,0.15,NaN,NaN
71.211,148.96,-4.527,-0.162,NaN,NaN
71.63,147.078,-4.445,0.197,NaN,NaN
72.03,145.289,-4.514,-0.173,NaN,NaN
72.53,143.047,-4.452,0.124,NaN,NaN
73.03,140.806,-4.514,-0.124,NaN,NaN
73.53,138.565,-4.45,0.129,NaN,NaN
74.03,136.321,-4.525,-0.15,NaN,NaN
74.53,134.081,-4.435,0.179,NaN,NaN
75.03,131.839,-4.536,-0.203,NaN,NaN
75.53,129.6,-4.419,0.235,NaN,NaN
76.03,127.357,-4.551,-0.265,NaN,NaN
76.418,125.615,-4.424,0.329,NaN,NaN
76.763,124.073,-4.509,-0.248,NaN,NaN
77.263,121.834,-4.447,0.124,NaN,NaN
77.763,119.592,-4.519,-0.145,NaN,NaN
78.263,117.354,-4.432,0.174,NaN,NaN
78.763,115.112,-4.536,-0.206,NaN,NaN
79.222,113.064,-4.403,0.29,NaN,NaN
79.455,112.03,-4.469,-0.282,NaN,NaN
79.823,110.382,-4.482,-0.037,NaN,NaN
80.323,108.144,-4.471,0.022,NaN,NaN
80.823,105.905,-4.484,-0.025,NaN,NaN
81.323,103.669,-4.46,0.047,NaN,NaN
81.823,101.43,-4.495,-0.07,NaN,NaN
82.323,99.193,-4.454,0.083,NaN,NaN
82.823,96.957,-4.488,-0.069,NaN,NaN
83.323,94.72,-4.46,0.056,NaN,NaN
83.823,92.482,-4.491,-0.061,NaN,NaN
84.323,90.247,-4.45,0.081,NaN,NaN
84.823,88.009,-4.503,-0.105,NaN,NaN
85.323,85.775,-4.433,0.14,NaN,NaN
85.787,83.7,-4.508,-0.163,NaN,NaN
86.287,81.466,-4.43,0.156,NaN,NaN
86.787,79.23,-4.514,-0.167,NaN,NaN
87.287,76.996,-4.42,0.188,NaN,NaN
87.787,74.759,-4.528,-0.217,NaN,NaN
88.287,72.528,-4.399,0.259,NaN,NaN
88.708,70.648,-4.519,-0.286,NaN,NaN
89.123,68.793,-4.429,0.219,NaN,NaN
89.538,66.944,-4.491,-0.15,NaN,NaN
90.038,64.712,-4.438,0.105,NaN,NaN
90.393,63.131,-4.47,-0.088,NaN,NaN
90.658,61.947,-4.466,0.013,NaN,NaN
90.904,60.846,-4.463,0.014,NaN,NaN
91.404,58.612,-4.472,-0.018,NaN,NaN
91.904,56.38,-4.458,0.028,NaN,NaN
92.404,54.146,-4.477,-0.039,NaN,NaN
92.904,51.915,-4.446,0.063,NaN,NaN
93.347,49.942,-4.478,-0.071,NaN,NaN
93.834,47.764,-4.45,0.057,NaN,NaN
94.334,45.531,-4.483,-0.067,NaN,NaN
94.834,43.3,-4.443,0.08,NaN,NaN
95.334,41.068,-4.482,-0.079,NaN,NaN
95.834,38.838,-4.439,0.086,NaN,NaN
96.334,36.605,-4.492,-0.104,NaN,NaN
96.834,34.377,-4.422,0.14,NaN,NaN
97.334,32.144,-4.51,-0.177,NaN,NaN
97.834,29.916,-4.403,0.215,NaN,NaN
98.334,27.683,-4.53,-0.254,NaN,NaN
98.797,25.622,-4.379,0.325,NaN,NaN
99.135,24.121,-4.494,-0.341,NaN,NaN
99.635,21.893,-4.417,0.154,NaN,NaN
100.135,19.663,-4.504,-0.174,NaN,NaN
100.635,17.436,-4.404,0.2,NaN,NaN
101.051,15.59,-4.484,-0.191,NaN,NaN
101.349,14.256,-4.448,0.119,NaN,NaN
101.849,12.029,-4.462,-0.027,NaN,NaN
102.349,9.8,-4.451,0.021,NaN,NaN
102.849,7.572,-4.464,-0.027,NaN,NaN
103.349,5.343,-4.448,0.033,NaN,NaN
103.849,3.116,-4.461,-0.026,NaN,NaN
104.349,0.889,-4.449,0.023,NaN,NaN
104.549,0,-4.452,-0.013,NaN,NaN